,p_cum,nature,amenageur,id_station_itinerance,p_max,operateur,geometry,node_id,aire
0,600.0,station_irve,Allego,FRALLPGO800139,300.0,Allego,POINT (714175.3307115922 6240561.484493943),5161,repos
1,600.0,station_irve,Allego,FRALLPGO800141,300.0,Allego,POINT (714175.3307115922 6240561.484493943),5163,repos
2,1322.0,station_irve,Power Dot France,FRPD1PMBLBLN,200.0,Power Dot France,POINT (838900.8308649176 6359979.6549895555),10843,repos
3,600.0,station_irve,Allego,FRALLPGO800252,300.0,Allego,POINT (714163.0128946181 6240694.636576403),5217,repos
4,600.0,station_irve,Allego,FRALLPGO800265,300.0,Allego,POINT (714175.3307115922 6240561.484493943),5230,repos
5,566.0,station_irve,E-TOTEM INFRADIV,FRETIP63164A,150.0,E-Totem,POINT (712205.46045322 6526852.213319149),7790,repos
6,600.0,station_irve,Allego,FRALLPGO800072,300.0,Allego,POINT (845168.847714611 6411386.792218141),5113,repos
7,800.0,station_irve,Allego,FRALLPGO800400,400.0,Allego,POINT (842053.9921400214 6395769.414406624),5256,repos
8,800.0,station_irve,Allego,FRALLPGO800401,400.0,Allego,POINT (842053.9921400214 6395769.414406624),5257,repos
9,800.0,station_irve,Allego,FRALLPGO800402,400.0,Allego,POINT (842053.9921400214 6395769.414406624),5258,repos
10,800.0,station_irve,Allego,FRALLPGO800403,400.0,Allego,POINT (842053.9921400214 6395769.414406624),5259,repos
11,650.0,station_irve,Allego,FRALLPGO800404,300.0,Allego,POINT (842053.9921400214 6395769.414406624),5260,repos
12,650.0,station_irve,Allego,FRALLPGO800405,300.0,Allego,POINT (845168.847714611 6411386.792218141),5261,repos
13,650.0,station_irve,Allego,FRALLPGO800406,300.0,Allego,POINT (714175.3307115922 6240561.484493943),5262,repos
14,650.0,station_irve,Allego,FRALLPGO800407,300.0,Allego,POINT (714163.0128946181 6240694.636576403),5263,repos
15,650.0,station_irve,Allego,FRALLPGO800408,300.0,Allego,POINT (785552.8703578352 6288391.061639141),5264,repos
16,600.0,station_irve,Allego,FRALLPGO800409,300.0,Allego,POINT (785552.8703578352 6288391.061639141),5265,repos
17,600.0,station_irve,Allego,FRALLPGO800410,300.0,Allego,POINT (785552.8703578352 6288391.061639141),5266,repos
18,600.0,station_irve,Allego,FRALLPGO800411,300.0,Allego,POINT (785552.8703578352 6288391.061639141),5267,repos
19,400.0,station_irve,Allego,FRALLPGO800412,200.0,Allego,POINT (785552.8703578352 6288391.061639141),5268,repos
20,600.0,station_irve,Allego,FRALLPGO800413,300.0,Allego,POINT (785552.8703578352 6288391.061639141),5269,repos
21,600.0,station_irve,Allego,FRALLPGO800414,300.0,Allego,POINT (785552.8703578352 6288391.061639141),5270,repos
22,650.0,station_irve,Allego,FRALLPGO800415,300.0,Allego,POINT (469463.66840636905 6761252.4310961785),5271,repos
23,400.0,station_irve,Allego,FRALLPGO800416,200.0,Allego,POINT (469463.66840636905 6761252.4310961785),5272,repos
24,600.0,station_irve,Allego,FRALLPGO800417,300.0,Allego,POINT (469463.66840636905 6761252.4310961785),5273,repos
25,600.0,station_irve,Allego,FRALLPGO800418,300.0,Allego,POINT (469463.66840636905 6761252.4310961785),5274,repos
26,600.0,station_irve,Allego,FRALLPGO800419,300.0,Allego,POINT (469463.66840636905 6761252.4310961785),5275,repos
27,350.0,station_irve,Allego,FRALLPGO800420,150.0,Allego,POINT (469740.3163156796 6761373.568431735),5276,repos
28,600.0,station_irve,Allego,FRALLPGO800421,300.0,Allego,POINT (469740.3163156796 6761373.568431735),5277,repos
29,600.0,station_irve,Allego,FRALLPGO800422,300.0,Allego,POINT (469740.3163156796 6761373.568431735),5278,repos
30,600.0,station_irve,Allego,FRALLPGO800423,300.0,Allego,POINT (469740.3163156796 6761373.568431735),5279,repos
31,400.0,station_irve,Allego,FRALLPGO800424,200.0,Allego,POINT (469740.3163156796 6761373.568431735),5280,repos
32,650.0,station_irve,Allego,FRALLPGO800425,300.0,Allego,POINT (867424.9895643824 6297793.9509569),5281,repos
33,600.0,station_irve,Allego,FRALLPGO800427,300.0,Allego,POINT (867424.9895643824 6297793.9509569),5282,repos
34,600.0,station_irve,Allego,FRALLPGO800428,300.0,Allego,POINT (867424.9895643824 6297793.9509569),5283,repos
35,2722.0,station_irve,Electra,FRELCPAAPIA,400.0,Electra,POINT (691250.783162042 6183801.2722036615),7156,repos
36,600.0,station_irve,Allego,FRALLPGO800430,300.0,Allego,POINT (869090.7090147808 6289572.479761289),5285,repos
37,650.0,station_irve,Allego,FRALLPGO800431,300.0,Allego,POINT (869090.7090147808 6289572.479761289),5286,repos
38,600.0,station_irve,Allego,FRALLPGO800432,300.0,Allego,POINT (869090.7090147808 6289572.479761289),5287,repos
39,600.0,station_irve,Allego,FRALLPGO800433,300.0,Allego,POINT (869090.7090147808 6289572.479761289),5288,repos
40,400.0,station_irve,Allego,FRALLPGO800434,200.0,Allego,POINT (869090.7090147808 6289572.479761289),5289,repos
41,600.0,station_irve,Allego,FRALLPGO800435,300.0,Allego,POINT (869090.7090147808 6289572.479761289),5290,repos
42,600.0,station_irve,Allego,FRALLPGO800436,300.0,Allego,POINT (869090.7090147808 6289572.479761289),5291,repos
43,650.0,station_irve,Allego,FRALLPGO800450,300.0,Allego,POINT (617873.6323891926 6810557.8255457515),5292,repos
44,600.0,station_irve,Allego,FRALLPGO800451,300.0,Allego,POINT (617873.6323891926 6810557.8255457515),5293,repos
45,600.0,station_irve,Allego,FRALLPGO800452,300.0,Allego,POINT (617873.6323891926 6810557.8255457515),5294,repos
46,600.0,station_irve,Allego,FRALLPGO800453,300.0,Allego,POINT (617873.6323891926 6810557.8255457515),5295,repos
47,600.0,station_irve,Allego,FRALLPGO800454,300.0,Allego,POINT (617873.6323891926 6810557.8255457515),5296,repos
48,3522.0,station_irve,Electra,FRELCPAASPAE,400.0,Electra,POINT (418172.5202780982 6496792.013149861),7159,repos
49,650.0,station_irve,Allego,FRALLPGO800455,300.0,Allego,POINT (614408.5301993847 6779268.7164687505),5297,repos
50,400.0,station_irve,Allego,FRALLPGO800456,200.0,Allego,POINT (614408.5301993847 6779268.7164687505),5298,repos
51,600.0,station_irve,Allego,FRALLPGO800457,300.0,Allego,POINT (614408.5301993847 6779268.7164687505),5299,repos
52,600.0,station_irve,Allego,FRALLPGO800458,300.0,Allego,POINT (614408.5301993847 6779268.7164687505),5300,repos
53,2322.0,station_irve,Electra,FRELCPAASPAO,400.0,Electra,POINT (417946.0850201925 6496812.384267642),7160,repos
54,650.0,station_irve,Allego,FRALLPGO800459,300.0,Allego,POINT (614554.9876647531 6779346.440387377),5301,repos
55,400.0,station_irve,Allego,FRALLPGO800460,200.0,Allego,POINT (614554.9876647531 6779346.440387377),5302,repos
56,400.0,station_irve,Allego,FRALLPGO800461,200.0,Allego,POINT (614554.9876647531 6779346.440387377),5303,repos
57,400.0,station_irve,Allego,FRALLPGO800462,200.0,Allego,POINT (614554.9876647531 6779346.440387377),5304,repos
58,650.0,station_irve,Allego,FRALLPGO800463,300.0,Allego,POINT (638178.410879068 6672038.181622687),5305,repos
59,400.0,station_irve,Allego,FRALLPGO800464,200.0,Allego,POINT (638178.410879068 6672038.181622687),5306,repos
60,600.0,station_irve,Allego,FRALLPGO800465,300.0,Allego,POINT (638178.410879068 6672038.181622687),5307,repos
61,600.0,station_irve,Allego,FRALLPGO800466,300.0,Allego,POINT (638178.410879068 6672038.181622687),5308,repos
62,600.0,station_irve,Allego,FRALLPGO800467,300.0,Allego,POINT (638178.410879068 6672038.181622687),5309,repos
63,650.0,station_irve,Allego,FRALLPGO800468,300.0,Allego,POINT (638382.2515097719 6671852.018351196),5310,repos
64,400.0,station_irve,Allego,FRALLPGO800469,200.0,Allego,POINT (638382.2515097719 6671852.018351196),5311,repos
65,600.0,station_irve,Allego,FRALLPGO800470,300.0,Allego,POINT (638382.2515097719 6671852.018351196),5312,repos
66,600.0,station_irve,Allego,FRALLPGO800471,300.0,Allego,POINT (638382.2515097719 6671852.018351196),5313,repos
67,600.0,station_irve,Allego,FRALLPGO800472,300.0,Allego,POINT (638382.2515097719 6671852.018351196),5314,repos
68,384.5,station_irve,ENGIE Vianeo,FRVIAP102111,300.0,ENGIE Vianeo,POINT (634277.1823457854 6905509.697481533),14022,repos
69,44.0,station_irve,Allego,FRALLPGO800496,22.0,Allego,POINT (614554.9876647531 6779346.440387377),5322,repos
70,44.0,station_irve,Allego,FRALLPGO800497,22.0,Allego,POINT (638382.2515097719 6671852.018351196),5323,repos
71,44.0,station_irve,Allego,FRALLPGO800498,22.0,Allego,POINT (638178.410879068 6672038.181622687),5324,repos
72,44.0,station_irve,Allego,FRALLPGO800499,22.0,Allego,POINT (617873.6323891926 6810557.8255457515),5325,repos
73,384.5,station_irve,ENGIE Vianeo,FRVIAP102112,300.0,ENGIE Vianeo,POINT (634223.141050966 6904987.470049841),14023,repos
74,952.0,station_irve,Power Dot France,FRPD1PIBSVSS,200.0,Power Dot France,POINT (834595.507192967 6543319.2681461815),10485,repos
75,44.0,station_irve,Allego,FRALLPGO800700,22.0,Allego,POINT (867424.9895643824 6297793.9509569),5370,repos
76,44.0,station_irve,Allego,FRALLPGO800706,22.0,Allego,POINT (469463.66840636905 6761252.4310961785),5375,repos
77,44.0,station_irve,Allego,FRALLPGO800707,22.0,Allego,POINT (785552.8703578352 6288391.061639141),5376,repos
78,44.0,station_irve,Allego,FRALLPGO800718,22.0,Allego,POINT (469740.3163156796 6761373.568431735),5377,repos
79,44.0,station_irve,Allego,FRALLPGO800721,22.0,Allego,POINT (869090.7090147808 6289572.479761289),5378,repos
80,44.0,station_irve,Allego,FRALLPGO800722,22.0,Allego,POINT (614408.5301993847 6779268.7164687505),5379,repos
81,44.0,station_irve,Allego,FRALLPGO800728,22.0,Allego,POINT (714163.0128946181 6240694.636576403),5380,repos
82,44.0,station_irve,Allego,FRALLPGO800740,22.0,Allego,POINT (714175.3307115922 6240561.484493943),5386,repos
83,44.0,station_irve,Allego,FRALLPGO800744,22.0,Allego,POINT (842053.9921400214 6395769.414406624),5387,repos
84,44.0,station_irve,Allego,FRALLPGO800748,22.0,Allego,POINT (845168.847714611 6411386.792218141),5389,repos
85,2722.0,station_irve,Electra,FRELCPAARIV,400.0,Electra,POINT (691140.4256531075 6183473.888836342),7157,repos
86,544.0,station_irve,E-TOTEM INFRADIV,FRETIP01043A,150.0,E-Totem,POINT (854671.2253980781 6526694.669747151),7622,repos
87,600.0,station_irve,Allego,FRALLPGO800006,300.0,Allego,POINT (714163.0128946181 6240694.636576403),5066,repos
88,14083.0,station_irve,Shell Recharge,FRSHEP4RDZZH1URGGI,300.0,Shell Recharge,POINT (537882.797562286 6907096.492636768),12754,repos
89,400.0,station_irve,Allego,FRALLPGO800429,200.0,Allego,POINT (867424.9895643824 6297793.9509569),5284,repos
90,3922.0,station_irve,Electra,FRELCPAABAG,400.0,Electra,POINT (696275.6974067413 6223836.152800057),7139,repos
91,2400.0,station_irve,Fastned France,FRFASP50828,300.0,Fastned France,POINT (690301.7116468978 7018180.160577246),8163,repos
92,2522.0,station_irve,Electra,FRELCPAABEN,400.0,Electra,POINT (426205.8047017999 6551790.585398236),7140,repos
93,50.0,station_irve,TotalEnergies Marketing France,FRHPCPNF080347TOTEMTIERS,50.0,TotalEnergies Marketing France,POINT (603916.6318884873 7054020.176963498),8677,repos
94,2322.0,station_irve,Electra,FRELCPAABOIS,400.0,Electra,POINT (421316.3884763647 6474496.697212186),7141,repos
95,3522.0,station_irve,Electra,FRELCPAACEZ,400.0,Electra,POINT (427760.1917765081 6446829.141339129),7144,repos
96,300.0,station_irve,IZIVIA FAST,FRIZFPFAST185,150.0,IZIVIA,POINT (854628.337513664 6526590.610966453),9193,repos
97,3322.0,station_irve,Electra,FRELCPAABOR,400.0,Electra,POINT (848309.9981679781 6452373.829534527),7142,repos
98,3722.0,station_irve,Electra,FRELCPAABOU,400.0,Electra,POINT (847342.6331583026 6443936.3878575135),7143,repos
99,4522.0,station_irve,Electra,FRELCPAAGAS,400.0,Electra,POINT (696061.8662001764 6213818.021050236),7149,repos
100,3222.0,station_irve,Electra,FRELCPAAESTN,400.0,Electra,POINT (831473.0399982869 6319809.111009671),7145,repos
101,3122.0,station_irve,Electra,FRELCPAAGIGN,400.0,Electra,POINT (758156.6553336066 6266303.70743406),7150,repos
102,2422.0,station_irve,Electra,FRELCPAAESTS,400.0,Electra,POINT (831340.9378972631 6319536.749311914),7146,repos
103,5322.0,station_irve,Electra,FRELCPAALOUP,400.0,Electra,POINT (751052.8769207869 6262917.844035133),7153,repos
104,2922.0,station_irve,Electra,FRELCPAAOLG,400.0,Electra,POINT (846425.7913501156 6336387.658290294),7155,repos
105,600.0,station_irve,Allego,FRALLPGO800066,300.0,Allego,POINT (714163.0128946181 6240694.636576403),5108,repos
106,600.0,station_irve,Allego,FRALLPGO800067,300.0,Allego,POINT (714175.3307115922 6240561.484493943),5109,repos
107,2922.0,station_irve,Electra,FRELCPAASCAP,400.0,Electra,POINT (421383.6600377486 6472647.46960091),7158,repos
108,600.0,station_irve,Allego,FRALLPGO800069,300.0,Allego,POINT (845168.847714611 6411386.792218141),5111,repos
109,600.0,station_irve,Allego,FRALLPGO800071,300.0,Allego,POINT (845168.847714611 6411386.792218141),5112,repos
110,3922.0,station_irve,Electra,FRELCPAATRI,400.0,Electra,POINT (838754.3391023688 6360093.545357898),7161,repos
111,600.0,station_irve,Allego,FRALLPGO800073,300.0,Allego,POINT (845168.847714611 6411386.792218141),5114,repos
112,600.0,station_irve,Allego,FRALLPGO800074,300.0,Allego,POINT (714175.3307115922 6240561.484493943),5115,repos
113,600.0,station_irve,Allego,FRALLPGO800068,300.0,Allego,POINT (714163.0128946181 6240694.636576403),5110,repos
114,600.0,station_irve,Allego,FRALLPGO800083,300.0,Allego,POINT (714163.0128946181 6240694.636576403),5117,repos
115,2400.0,station_irve,Fastned France,FRFASP50602,300.0,Fastned France,POINT (836452.8632449569 6561920.531906385),8142,service
116,2400.0,station_irve,Fastned France,FRFASP50603,300.0,Fastned France,POINT (840941.5773301232 6623100.344536208),8143,service
117,1200.0,station_irve,Fastned France,FRFASP50605,300.0,Fastned France,POINT (694932.6211905492 6814259.731493335),8144,service
118,1200.0,station_irve,Fastned France,FRFASP50606,300.0,Fastned France,POINT (694725.2245470649 6813968.688156569),8145,service
119,2400.0,station_irve,Fastned France,FRFASP50801,300.0,Fastned France,POINT (791357.5373216278 6291347.454698528),8148,service
120,2400.0,station_irve,Fastned France,FRFASP50804,300.0,Fastned France,POINT (924414.9979853821 6464579.2042734),8149,service
121,2400.0,station_irve,Fastned France,FRFASP50805,300.0,Fastned France,POINT (789985.9925697071 6509591.830286751),8150,service
122,1200.0,station_irve,Fastned France,FRFASP50810,300.0,Fastned France,POINT (830784.8989086574 6887458.632608266),8153,service
123,2400.0,station_irve,Fastned France,FRFASP50811,300.0,Fastned France,POINT (905083.87415256 6500988.888170454),8154,service
124,1200.0,station_irve,Fastned France,FRFASP50812,300.0,Fastned France,POINT (945034.8348533609 6549266.42254646),8155,service
125,1200.0,station_irve,Fastned France,FRFASP50813,300.0,Fastned France,POINT (945038.5999186338 6549375.268307226),8156,service
126,2400.0,station_irve,Fastned France,FRFASP50822,300.0,Fastned France,POINT (926590.4213335905 6866217.5756947),8160,service
127,94.0,station_irve,TOURMALINE REAL ESTATE,FRWA2P631967,47.0,WAAT Umbrella-Copro,POINT (860700.9247199323 6528980.441458356),14436,service
128,2400.0,station_irve,Fastned France,FRFASP50825,300.0,Fastned France,POINT (690957.5415400512 7008373.75233657),8162,service
129,1200.0,station_irve,Fastned France,FRFASP50830,300.0,Fastned France,POINT (997423.0916521845 6882654.476719102),8164,service
130,4800.0,station_irve,Fastned France,FRFASP50834,300.0,Fastned France,POINT (932292.2128347908 6899208.106189009),8167,service
131,2400.0,station_irve,Fastned France,FRFASP50835,300.0,Fastned France,POINT (926747.484968367 6866716.363656546),8168,service
132,3338.0,station_irve,Atlante,FRATLPFR00307,300.0,Atlante France,POINT (429464.755446196 6436562.952839417),6350,service
133,6160.0,station_irve,Atlante,FRATLPFR00309,300.0,Atlante France,POINT (419549.6854677908 6507480.312574213),6352,service
134,6732.0,station_irve,Atlante,FRATLPFR00308,300.0,Atlante France,POINT (657709.1489708838 6502748.72277924),6351,service
135,6010.0,station_irve,Atlante,FRATLPFR00310,300.0,Atlante France,POINT (815708.0700781058 6308861.422691045),6353,service
136,1200.0,station_irve,TotalEnergies Marketing France,FRHPCPNF004133,300.0,TotalEnergies Marketing France,POINT (995346.9206813748 6540289.184415974),8418,service
137,1150.0,station_irve,TotalEnergies Marketing France,FRHPCPNF006369TOTEM,175.0,TotalEnergies Marketing France,POINT (658868.1594286853 6832854.689928074),8419,service
138,903.0,station_irve,TotalEnergies Marketing France,FRHPCPNF006467TOTEM,300.0,TotalEnergies Marketing France,POINT (842961.4868357277 6507445.693003714),8420,service
139,4500.0,station_irve,TotalEnergies Marketing France,FRHPCPNF007052TOTEM,300.0,TotalEnergies Marketing France,POINT (877179.9051271557 6279160.409284577),8423,service
140,1150.0,station_irve,TotalEnergies Marketing France,FRHPCPNF007451TOTEMSA,175.0,TotalEnergies Marketing France,POINT (427540.2714199708 6400001.001141185),8428,service
141,786.0,station_irve,TotalEnergies Marketing France,FRHPCPNF007502TOTEM,175.0,TotalEnergies Marketing France,POINT (905671.7755552436 6467797.813944757),8429,service
142,2400.0,station_irve,TotalEnergies Marketing France,FRHPCPNF021485TOTEM,300.0,TotalEnergies Marketing France,POINT (383486.41610924253 6572360.755413639),8443,service
143,400.0,station_irve,TotalEnergies Marketing France,FRHPCPNF038545TOTEMSA,150.0,TotalEnergies Marketing France,POINT (181318.58006238163 6785010.00663165),8447,service
144,1050.0,station_irve,TotalEnergies Marketing France,FRHPCPNF042236TOTEM,175.0,TotalEnergies Marketing France,POINT (792207.4507097515 6790835.783066319),8451,service
145,400.0,station_irve,TotalEnergies Marketing France,FRHPCPNF042331TOTEM,150.0,TotalEnergies Marketing France,POINT (724142.4521265712 6965294.178841238),8453,service
146,2400.0,station_irve,TotalEnergies Marketing France,FRHPCPNF042589,300.0,TotalEnergies Marketing France,POINT (216482.3295980568 6766620.825433059),8456,service
147,450.0,station_irve,TotalEnergies Marketing France,FRHPCPNF042595,175.0,TotalEnergies Marketing France,POINT (358270.43008167634 6683259.902670194),8457,service
148,450.0,station_irve,TotalEnergies Marketing France,FRHPCPNF042677,175.0,TotalEnergies Marketing France,POINT (423092.26708376606 6425542.0507162735),8459,service
149,2400.0,station_irve,TotalEnergies Marketing France,FRHPCPNF042596,300.0,TotalEnergies Marketing France,POINT (236520.29621166113 6760263.619807265),8458,service
150,1150.0,station_irve,TotalEnergies Marketing France,FRHPCPNF058911TOTEM,175.0,TotalEnergies Marketing France,POINT (750123.8236076899 6743453.342409691),8473,service
151,50.0,station_irve,TotalEnergies Marketing France,FRHPCPNF058915,50.0,TotalEnergies Marketing France,POINT (667239.49410436 6885962.0448671),8474,service
152,2250.0,station_irve,TotalEnergies Marketing France,FRHPCPNF058931TOTEM,300.0,TotalEnergies Marketing France,POINT (714841.3651617122 6763872.018541082),8475,service
153,3100.0,station_irve,TotalEnergies Marketing France,FRHPCPNF058967TOTEM,300.0,TotalEnergies Marketing France,POINT (679938.2422665752 6936150.032829075),8476,service
154,1150.0,station_irve,TotalEnergies Marketing France,FRHPCPNF058968TOTEM,175.0,TotalEnergies Marketing France,POINT (658942.5893928795 6832930.985025424),8477,service
155,1750.0,station_irve,TotalEnergies Marketing France,FRHPCPNF058969TOTEMSA,175.0,TotalEnergies Marketing France,POINT (847473.5651254687 6420316.498754987),8478,service
156,50.0,station_irve,TotalEnergies Marketing France,FRHPCPNF059003,50.0,TotalEnergies Marketing France,POINT (703263.6736741455 7048272.963135839),8480,service
157,1150.0,station_irve,TotalEnergies Marketing France,FRHPCPNF059042TOTEM,175.0,TotalEnergies Marketing France,POINT (839625.155493435 6653141.550730492),8482,service
158,1050.0,station_irve,TotalEnergies Marketing France,FRHPCPNF059051TOTEM,150.0,TotalEnergies Marketing France,POINT (791335.4985623911 6291130.520310607),8483,service
159,4500.0,station_irve,TotalEnergies Marketing France,FRHPCPNF059189TOTEM,300.0,TotalEnergies Marketing France,POINT (876603.1920297488 6279181.434661247),8486,service
160,2550.0,station_irve,TotalEnergies Marketing France,FRHPCPNF059190TOTEM,175.0,TotalEnergies Marketing France,POINT (843248.2950317541 6592652.812745607),8487,service
161,1150.0,station_irve,TotalEnergies Marketing France,FRHPCPNF059193TOTEM,175.0,TotalEnergies Marketing France,POINT (816466.3384521697 6309567.801243888),8488,service
162,1222.0,station_irve,Atlante,FRATLPZ330FR22ETAP000001,150.0,Atlante France,POINT (224523.77346343687 6847117.750461644),6446,service
163,1150.0,station_irve,TotalEnergies Marketing France,FRHPCPNF059472TOTEM,175.0,TotalEnergies Marketing France,POINT (707519.33037339 6235224.40936189),8497,service
164,1043.0,station_irve,TotalEnergies Marketing France,FRHPCPNF059499TOTEMSA,150.0,TotalEnergies Marketing France,POINT (997076.7317923894 6270014.947909877),8499,service
165,1003.0,station_irve,TotalEnergies Marketing France,FRHPCPNF059599TOTEM,150.0,TotalEnergies Marketing France,POINT (942372.886507319 6262688.670489927),8505,service
166,700.0,station_irve,TotalEnergies Marketing France,FRHPCPNF059600TOTEM,175.0,TotalEnergies Marketing France,POINT (1009998.154271109 6743266.859863104),8506,service
167,500.0,station_irve,TotalEnergies Marketing France,FRHPCPNF059602TOTEM,150.0,TotalEnergies Marketing France,POINT (883113.3505776486 6257277.598412959),8507,service
168,1150.0,station_irve,TotalEnergies Marketing France,FRHPCPNF059671TOTEM,175.0,TotalEnergies Marketing France,POINT (614834.5466234705 6764782.1732444465),8514,service
169,1150.0,station_irve,TotalEnergies Marketing France,FRHPCPNF059672TOTEM,175.0,TotalEnergies Marketing France,POINT (872413.7556818104 6504002.0521559445),8515,service
170,1150.0,station_irve,TotalEnergies Marketing France,FRHPCPNF059694TOTEM,175.0,TotalEnergies Marketing France,POINT (532546.0559141033 6710518.716406331),8517,service
171,600.0,station_irve,TotalEnergies Marketing France,FRHPCPNF059678,150.0,TotalEnergies Marketing France,POINT (834757.9570832737 6284977.19297612),8516,service
172,1150.0,station_irve,TotalEnergies Marketing France,FRHPCPNF059736TOTEM,175.0,TotalEnergies Marketing France,POINT (520526.5458288471 6676789.295084152),8522,service
173,450.0,station_irve,TotalEnergies Marketing France,FRHPCPNF059743TOTEM,175.0,TotalEnergies Marketing France,POINT (327788.85392200213 6269018.791976888),8523,service
174,1150.0,station_irve,TotalEnergies Marketing France,FRHPCPNF059748,175.0,TotalEnergies Marketing France,POINT (731525.961699499 6527931.38318099),8524,service
175,4250.0,station_irve,TotalEnergies Marketing France,FRHPCPNF059775TOTEMSA,400.0,TotalEnergies Marketing France,POINT (681286.9358133256 6858937.204030612),8525,service
176,5350.0,station_irve,TotalEnergies Marketing France,FRHPCPNF059788TOTEM,300.0,TotalEnergies Marketing France,POINT (637219.7429394017 6837429.395458768),8528,service
177,1150.0,station_irve,TotalEnergies Marketing France,FRHPCPNF059902TOTEM,175.0,TotalEnergies Marketing France,POINT (495331.03065919643 6776347.577552932),8532,service
178,450.0,station_irve,TotalEnergies Marketing France,FRHPCPNF059903TOTEM,175.0,TotalEnergies Marketing France,POINT (327596.63787245814 6269039.01604085),8533,service
179,225.0,station_irve,TotalEnergies Marketing France,FRHPCPNF059964,175.0,TotalEnergies Marketing France,POINT (410365.02855526516 6423513.373103781),8537,service
180,400.0,station_irve,TotalEnergies Marketing France,FRHPCPNF059965TOTEM,150.0,TotalEnergies Marketing France,POINT (410327.98795559356 6423563.906989813),8538,service
181,450.0,station_irve,TotalEnergies Marketing France,FRHPCPNF059994TOTEM,175.0,TotalEnergies Marketing France,POINT (395023.30653407256 6784471.304591632),8542,service
182,1150.0,station_irve,TotalEnergies Marketing France,FRHPCPNF062085,175.0,TotalEnergies Marketing France,POINT (842383.9150789598 6500686.630378959),8545,service
183,2650.0,station_irve,TotalEnergies Marketing France,FRHPCPNF062704TOTEM,300.0,TotalEnergies Marketing France,POINT (681119.9487343358 6858809.206498779),8549,service
184,66.0,station_irve,WAAT - PROUDREED,FRWA2P916575,22.0,WAAT Umbrella-Copro,POINT (860694.3489111508 6529056.498012856),14695,service
185,400.0,station_irve,TotalEnergies Marketing France,FRHPCPNF067705TOTEM,150.0,TotalEnergies Marketing France,POINT (899232.5256277018 6246732.272151723),8554,service
186,450.0,station_irve,TotalEnergies Marketing France,FRHPCPNF069303TOTEM,175.0,TotalEnergies Marketing France,POINT (394980.09738810844 6784546.547906015),8556,service
187,1150.0,station_irve,TotalEnergies Marketing France,FRHPCPNF069703TOTEM,175.0,TotalEnergies Marketing France,POINT (397261.10692446044 6709718.972171863),8557,service
188,1150.0,station_irve,TotalEnergies Marketing France,FRHPCPNF070002TOTEM,175.0,TotalEnergies Marketing France,POINT (706365.0742576447 6358922.027956484),8558,service
189,1150.0,station_irve,TotalEnergies Marketing France,FRHPCPNF070003,175.0,TotalEnergies Marketing France,POINT (583714.4409510694 6494611.503894306),8559,service
190,1150.0,station_irve,TotalEnergies Marketing France,FRHPCPNF070641TOTEMSA,175.0,TotalEnergies Marketing France,POINT (709070.9530035967 6550913.303280408),8562,service
191,600.0,station_irve,TotalEnergies Marketing France,FRHPCPNF076523TOTEM,150.0,TotalEnergies Marketing France,POINT (877017.750775793 6569599.879937775),8568,service
192,900.0,station_irve,TotalEnergies Marketing France,FRHPCPNF077241TOTEM,300.0,TotalEnergies Marketing France,POINT (857626.0691443435 6435382.536823457),8569,service
193,1150.0,station_irve,TotalEnergies Marketing France,FRHPCPNF078016TOTEM,175.0,TotalEnergies Marketing France,POINT (440613.0162260551 6583055.083636135),8572,service
194,4500.0,station_irve,TotalEnergies Marketing France,FRHPCPNF078091,300.0,TotalEnergies Marketing France,POINT (915269.8659453624 6453995.836981576),8579,service
195,50.0,station_irve,TotalEnergies Marketing France,FRHPCPNF078118,50.0,TotalEnergies Marketing France,POINT (860667.4887790156 6529317.762778613),8580,service
196,4050.0,station_irve,TotalEnergies Marketing France,FRHPCPNF078180,300.0,TotalEnergies Marketing France,POINT (579785.4501517327 6954214.4094479205),8584,service
197,1000.0,station_irve,TotalEnergies Marketing France,FRHPCPNF078181,150.0,TotalEnergies Marketing France,POINT (819175.2685456562 6489581.867247171),8585,service
198,450.0,station_irve,TotalEnergies Marketing France,FRHPCPNF078183TOTEM,175.0,TotalEnergies Marketing France,POINT (842447.1258337584 6500550.129071867),8587,service
199,400.0,station_irve,TotalEnergies Marketing France,FRHPCPNF078190,150.0,TotalEnergies Marketing France,POINT (224216.72338624235 6847135.531851617),8588,service
200,1050.0,station_irve,TotalEnergies Marketing France,FRHPCPNF078218TOTEM,150.0,TotalEnergies Marketing France,POINT (642482.7098607816 6945917.9031210495),8593,service
201,400.0,station_irve,TotalEnergies Marketing France,FRHPCPNF078226,150.0,TotalEnergies Marketing France,POINT (349111.4487500515 6754873.01613263),8594,service
202,900.0,station_irve,TotalEnergies Marketing France,FRHPCPNF078230TOTEM,150.0,TotalEnergies Marketing France,POINT (725020.2845065909 6307316.137805314),8597,service
203,575.0,station_irve,TotalEnergies Marketing France,FRHPCPNF078238,175.0,TotalEnergies Marketing France,POINT (592569.7520248222 6624941.090186699),8598,service
204,1150.0,station_irve,TotalEnergies Marketing France,FRHPCPNF078243TOTEM,175.0,TotalEnergies Marketing France,POINT (582532.5313589174 6349191.7872274425),8599,service
205,1150.0,station_irve,TotalEnergies Marketing France,FRHPCPNF078244,175.0,TotalEnergies Marketing France,POINT (381106.1283775484 6840357.946714636),8600,service
206,1150.0,station_irve,TotalEnergies Marketing France,FRHPCPNF078333,175.0,TotalEnergies Marketing France,POINT (694469.9033798627 6693026.550714955),8602,service
207,1050.0,station_irve,TotalEnergies Marketing France,FRHPCPNF078386TOTEM,175.0,TotalEnergies Marketing France,POINT (792175.814252183 6791170.630052655),8603,service
208,1150.0,station_irve,TotalEnergies Marketing France,FRHPCPNF078387TOTEM,175.0,TotalEnergies Marketing France,POINT (892535.75750968 6560211.882325047),8604,service
209,225.0,station_irve,TotalEnergies Marketing France,FRHPCPNF078531TOTEM,175.0,TotalEnergies Marketing France,POINT (997732.0435418248 6882410.50016835),8605,service
210,50.0,station_irve,TotalEnergies Marketing France,FRHPCPNF078544,50.0,TotalEnergies Marketing France,POINT (505735.14473315375 6917159.515997493),8606,service
211,700.0,station_irve,TotalEnergies Marketing France,FRHPCPNF078546,175.0,TotalEnergies Marketing France,POINT (429610.18420668127 6436965.846962183),8607,service
212,700.0,station_irve,TotalEnergies Marketing France,FRHPCPNF078551,175.0,TotalEnergies Marketing France,POINT (423184.69748665264 6425533.496006099),8608,service
213,450.0,station_irve,TotalEnergies Marketing France,FRHPCPNF078556TOTEM,175.0,TotalEnergies Marketing France,POINT (487503.4052339409 6821246.031782659),8609,service
214,3400.0,station_irve,TotalEnergies Marketing France,FRHPCPNF078564,300.0,TotalEnergies Marketing France,POINT (1025865.360244873 6285020.40961016),8610,service
215,1500.0,station_irve,TotalEnergies Marketing France,FRHPCPNF078569TOTEM,175.0,TotalEnergies Marketing France,POINT (603010.1617487302 6251126.428235148),8611,service
216,900.0,station_irve,TotalEnergies Marketing France,FRHPCPNF078576,300.0,TotalEnergies Marketing France,POINT (337737.1085979511 6796426.006177338),8612,service
217,1000.0,station_irve,TotalEnergies Marketing France,FRHPCPNF078593,150.0,TotalEnergies Marketing France,POINT (637195.7397888824 6566701.626250832),8613,service
218,1150.0,station_irve,TotalEnergies Marketing France,FRHPCPNF078601,175.0,TotalEnergies Marketing France,POINT (808837.610919588 6944702.248486236),8614,service
219,450.0,station_irve,TotalEnergies Marketing France,FRHPCPNF078611,175.0,TotalEnergies Marketing France,POINT (436553.71398359037 6296809.874795631),8615,service
220,400.0,station_irve,TotalEnergies Marketing France,FRHPCPNF079761,150.0,TotalEnergies Marketing France,POINT (348853.10995215294 6703211.989648658),8618,service
221,4800.0,station_irve,TotalEnergies Marketing France,FRHPCPNF079895,300.0,TotalEnergies Marketing France,POINT (570665.7139342952 6279271.811638894),8619,service
222,50.0,station_irve,TotalEnergies Marketing France,FRHPCPNF080041,50.0,TotalEnergies Marketing France,POINT (839762.8775197443 6653073.764234047),8623,service
223,143.0,station_irve,TotalEnergies Marketing France,FRHPCPNF080042,50.0,TotalEnergies Marketing France,POINT (863740.277803849 6704684.5940707335),8624,service
224,400.0,station_irve,TotalEnergies Marketing France,FRHPCPNF080044TOTEM,150.0,TotalEnergies Marketing France,POINT (929020.0605249692 6309042.983822085),8625,service
225,450.0,station_irve,TotalEnergies Marketing France,FRHPCPNF080045TOTEMSA,150.0,TotalEnergies Marketing France,POINT (929240.3926223863 6309074.73422406),8626,service
226,1200.0,station_irve,TotalEnergies Marketing France,FRHPCPNF080046TOTEM,300.0,TotalEnergies Marketing France,POINT (837372.5400492055 6524828.746651306),8627,service
227,200.0,station_irve,TotalEnergies Marketing France,FRHPCPNF080047,150.0,TotalEnergies Marketing France,POINT (681675.4592680197 7034134.537959472),8628,service
228,1150.0,station_irve,TotalEnergies Marketing France,FRHPCPNF080056TOTEM,175.0,TotalEnergies Marketing France,POINT (599318.7669933272 6693947.953816851),8630,service
229,2800.0,station_irve,TotalEnergies Marketing France,FRHPCPNF080063TIERSTOTEM,300.0,TotalEnergies Marketing France,POINT (922601.6789695885 6902076.391496186),8631,service
230,2644.0,station_irve,Electra,FRELCPAAGIR,300.0,Electra,POINT (882871.1234857372 6257393.660492049),7151,service
231,1150.0,station_irve,TotalEnergies Marketing France,FRHPCPNF080070TOTEM,175.0,TotalEnergies Marketing France,POINT (449751.62070602534 6241587.445386075),8633,service
232,1150.0,station_irve,TotalEnergies Marketing France,FRHPCPNF080071TOTEM,175.0,TotalEnergies Marketing France,POINT (847627.003083712 6437199.799648592),8634,service
233,450.0,station_irve,TotalEnergies Marketing France,FRHPCPNF080072TOTEM,175.0,TotalEnergies Marketing France,POINT (927753.7360113228 6512284.144117417),8635,service
234,3250.0,station_irve,TotalEnergies Marketing France,FRHPCPNF080138TOTEM,300.0,TotalEnergies Marketing France,POINT (495493.1279208779 6776440.676525948),8639,service
235,3900.0,station_irve,TotalEnergies Marketing France,FRHPCPNF080155TOTEM,300.0,TotalEnergies Marketing France,POINT (637044.7414904649 6837587.494558882),8642,service
236,1150.0,station_irve,TotalEnergies Marketing France,FRHPCPNF080172TOTEM,175.0,TotalEnergies Marketing France,POINT (614923.4489026438 6764634.527608337),8644,service
237,450.0,station_irve,TotalEnergies Marketing France,FRHPCPNF080173TOTEM,175.0,TotalEnergies Marketing France,POINT (397456.99275471765 6709817.896850341),8645,service
238,4500.0,station_irve,TotalEnergies Marketing France,FRHPCPNF080175TOTEM,300.0,TotalEnergies Marketing France,POINT (708606.4928703477 6550893.641146267),8646,service
239,1600.0,station_irve,TotalEnergies Marketing France,FRHPCPNF080193TOTEMSA,300.0,TotalEnergies Marketing France,POINT (1020593.4529351874 6859952.306771404),8652,service
240,1150.0,station_irve,TotalEnergies Marketing France,FRHPCPNF080197TOTEMSA,175.0,TotalEnergies Marketing France,POINT (912433.4469611318 6800191.285992796),8653,service
241,319.0,station_irve,Shell Recharge,FRSHEP35,175.0,Shell Recharge,POINT (1048079.4282981503 6836907.830131442),12751,service
242,3100.0,station_irve,TotalEnergies Marketing France,FRHPCPNF080232,300.0,TotalEnergies Marketing France,POINT (591708.1632033812 6295765.952553999),8656,service
243,2000.0,station_irve,TotalEnergies Marketing France,FRHPCPNF080234,150.0,TotalEnergies Marketing France,POINT (672311.527055048 6855241.857819459),8657,service
244,9901.0,station_irve,Shell Recharge,FRSHEP3FL34DV0RV6,300.0,Shell Recharge,POINT (704597.7135508474 7014386.272734636),12752,service
245,3481.0,station_irve,Shell Recharge,FRSHEP8AWZFKXKB3KJ,300.0,Shell Recharge,POINT (338383.7458871696 6796224.944262602),12756,service
246,1150.0,station_irve,TotalEnergies Marketing France,FRHPCPNF080261,175.0,TotalEnergies Marketing France,POINT (544861.0850563879 6920073.031603824),8661,service
247,50.0,station_irve,Shell Recharge,FRSHEPIQX2W49PF74,50.0,Shell Recharge,POINT (338383.7458871696 6796224.944262602),12757,service
248,800.0,station_irve,TotalEnergies Marketing France,FRHPCPNF080288,175.0,TotalEnergies Marketing France,POINT (928866.6184097861 6559594.78945721),8663,service
249,50.0,station_irve,TotalEnergies Marketing France,FRHPCPNF080294,50.0,TotalEnergies Marketing France,POINT (679724.6092457678 6935693.020313123),8664,service
250,1325.0,station_irve,TotalEnergies Marketing France,FRHPCPNF080266TOTEM,175.0,TotalEnergies Marketing France,POINT (764343.7584542105 6272369.1238992745),8662,service
251,14402.0,station_irve,Shell Recharge,FRSHEP6O98DFIOPBB0,300.0,Shell Recharge,POINT (727887.3947070156 6251306.597105627),12755,service
252,2100.0,station_irve,TotalEnergies Marketing France,FRHPCPNF080339TIERSTOTEM,300.0,TotalEnergies Marketing France,POINT (829762.0324560787 6669532.742573539),8669,service
253,2103.0,station_irve,TotalEnergies Marketing France,FRHPCPNF080340TIERSTOTEM,300.0,TotalEnergies Marketing France,POINT (777900.5916970165 6711943.526350717),8670,service
254,2100.0,station_irve,TotalEnergies Marketing France,FRHPCPNF080341TIERSTOTEM,300.0,TotalEnergies Marketing France,POINT (840853.5776814842 6623061.851619104),8671,service
255,2100.0,station_irve,TotalEnergies Marketing France,FRHPCPNF080342TIERSTOTEM,300.0,TotalEnergies Marketing France,POINT (1010133.2703581025 6743230.222101729),8672,service
256,2700.0,station_irve,TotalEnergies Marketing France,FRHPCPNF080343TIERSTOTEMSA,300.0,TotalEnergies Marketing France,POINT (877258.5427351927 6602041.598755702),8673,service
257,4593.0,station_irve,TotalEnergies Marketing France,FRHPCPNF080344TIERSTOTEMSA,300.0,TotalEnergies Marketing France,POINT (914142.6370086275 6844004.469630985),8674,service
258,700.0,station_irve,TotalEnergies Marketing France,FRHPCPNF080345TIERSTOTEMSA,300.0,TotalEnergies Marketing France,POINT (681757.1184636158 7034200.774350538),8675,service
259,2650.0,station_irve,TotalEnergies Marketing France,FRHPCPNF080346TIERSTOTEMSA,300.0,TotalEnergies Marketing France,POINT (688529.073131088 6976616.110076175),8676,service
260,700.0,station_irve,TotalEnergies Marketing France,FRHPCPNF080349TIERSTOTEM,300.0,TotalEnergies Marketing France,POINT (706444.2729675692 7002855.700106974),8679,service
261,700.0,station_irve,TotalEnergies Marketing France,FRHPCPNF080350TIERSTOTEM,300.0,TotalEnergies Marketing France,POINT (706454.4290228348 7002738.570819667),8680,service
262,700.0,station_irve,TotalEnergies Marketing France,FRHPCPNF080352TIERSTOTEM,300.0,TotalEnergies Marketing France,POINT (670374.92221275 7081529.830946007),8681,service
263,700.0,station_irve,TotalEnergies Marketing France,FRHPCPNF080353TIERSTOTEM,300.0,TotalEnergies Marketing France,POINT (739275.5390947886 6892029.445519561),8682,service
264,960.0,station_irve,Bump,FRBMPP636913P,240.0,Bump,POINT (554913.8394204453 6934685.146063067),6635,service
265,1300.0,station_irve,TotalEnergies Marketing France,FRHPCPNF080355TIERSTOTEM,300.0,TotalEnergies Marketing France,POINT (450914.3821020539 6774842.66200406),8684,service
266,2650.0,station_irve,TotalEnergies Marketing France,FRHPCPNF080356TIERSTOTEM,300.0,TotalEnergies Marketing France,POINT (570249.1549121164 6902845.318572832),8685,service
267,2500.0,station_irve,TotalEnergies Marketing France,FRHPCPNF080357TIERSTOTEMSA,300.0,TotalEnergies Marketing France,POINT (570169.8030057992 6902775.456684055),8686,service
268,700.0,station_irve,TotalEnergies Marketing France,FRHPCPNF080354TIERSTOTEM,300.0,TotalEnergies Marketing France,POINT (739263.7912250712 6891900.232218236),8683,service
269,1600.0,station_irve,TotalEnergies Marketing France,FRHPCPNF080358TIERSTOTEM,300.0,TotalEnergies Marketing France,POINT (1020717.1480440116 6860153.020698704),8687,service
270,308.4,station_irve,Bump,FRBMPP647897P,22.0,Bump,POINT (837714.6532978314 6524375.034746789),6639,service
271,3900.0,station_irve,TotalEnergies Marketing France,FRHPCPNF080361TIERSSA,300.0,TotalEnergies Marketing France,POINT (410106.26098756574 6677595.24696951),8690,service
272,3300.0,station_irve,TotalEnergies Marketing France,FRHPCPNF080362TOTEMTIERSSA,300.0,TotalEnergies Marketing France,POINT (420594.45575218217 6539149.351132402),8691,service
273,2400.0,station_irve,TotalEnergies Marketing France,FRHPCPNF080363TIERSTOTEM,300.0,TotalEnergies Marketing France,POINT (697735.7558801186 6205745.699976672),8692,service
274,5100.0,station_irve,TotalEnergies Marketing France,FRHPCPNF080364TOTEMTIERS,300.0,TotalEnergies Marketing France,POINT (598345.2319482643 6747459.160730142),8693,service
275,4500.0,station_irve,TotalEnergies Marketing France,FRHPCPNF080365TIERSTOTEM,300.0,TotalEnergies Marketing France,POINT (598297.4470353845 6747535.438020791),8694,service
276,2650.0,station_irve,TotalEnergies Marketing France,FRHPCPNF080371TIERSTOTEM,300.0,TotalEnergies Marketing France,POINT (979614.3212704066 6263488.832605708),8695,service
277,5100.0,station_irve,TotalEnergies Marketing France,FRHPCPNF080372,300.0,TotalEnergies Marketing France,POINT (466557.4238813636 6437975.696271419),8696,service
278,4203.0,station_irve,TotalEnergies Marketing France,FRHPCPNF080373,300.0,TotalEnergies Marketing France,POINT (790959.3551544768 6891762.997888088),8697,service
279,4803.0,station_irve,TotalEnergies Marketing France,FRHPCPNF080374,300.0,TotalEnergies Marketing France,POINT (790821.3106226298 6891821.778591241),8698,service
280,4650.0,station_irve,TotalEnergies Marketing France,FRHPCPNF080385,300.0,TotalEnergies Marketing France,POINT (580008.6087873582 6954514.0404309165),8701,service
281,900.0,station_irve,TotalEnergies Marketing France,FRHPCPNF088078,300.0,TotalEnergies Marketing France,POINT (358313.85849649896 6683090.53230133),8703,service
282,4300.0,station_irve,TotalEnergies Marketing France,FRHPCPNF088576TOTEM,300.0,TotalEnergies Marketing France,POINT (500823.9954255495 6347662.331498179),8705,service
283,450.0,station_irve,TotalEnergies Marketing France,FRHPCPNF080200TOTEM,175.0,TotalEnergies Marketing France,POINT (938254.5560190515 6535455.692640502),8655,service
284,10188.0,station_irve,Zunder,FRZUNP1615743645321921749,400.0,Zunder,POINT (642402.2912274515 6666473.003577124),15003,service
285,494.0,station_irve,Zunder,FRZUNP195235985905172769,200.0,Zunder,POINT (510115.55389237613 6730864.096634463),15004,service
286,6554.2,station_irve,Zunder,FRZUNP2001223164604952988,400.0,Zunder,POINT (371522.23014554736 6323911.881831505),15005,service
287,2488.0,station_irve,Zunder,FRZUNP2771348324096144223,300.0,Zunder,POINT (475194.0308038971 6851330.108080374),15006,service
288,6550.8,station_irve,Zunder,FRZUNP3649321977867046375,400.0,Zunder,POINT (371799.18450988026 6323874.558134115),15008,service
289,6554.2,station_irve,Zunder,FRZUNP5909246146811129817,400.0,Zunder,POINT (393316.40399147494 6369929.841295806),15011,service
290,6554.2,station_irve,Zunder,FRZUNP6746237616245941985,400.0,Zunder,POINT (393110.4121033911 6369966.683421841),15013,service
291,10364.0,station_irve,Zunder,FRZUNP7329346578064027187,400.0,Zunder,POINT (540649.1769525273 6691201.072237634),15015,service
292,2996.24,station_irve,Sowatt Solutions,FRSWSP89235756,360.0,Sowatt Solutions,POINT (924812.7552982182 6505330.454127748),12988,service
293,72.08,station_irve,Sowatt Solutions,FRSWSP89235803,50.0,Sowatt Solutions,POINT (924812.7552982182 6505330.454127748),12989,service
294,3700.0,station_irve,TotalEnergies Marketing France,FRHPCPNF080360TIERSTOTEMSA,300.0,TotalEnergies Marketing France,POINT (1005983.7085587534 6278773.422103113),8689,service
295,471.68,station_irve,Sowatt Solutions,FRSWSP89470013,224.8,Sowatt Solutions,POINT (924859.2500361169 6505178.688432158),13024,service
296,44.16,station_irve,Sowatt Solutions,FRSWSP89615325,22.08,Sowatt Solutions,POINT (925024.2005438682 6505019.031744577),13030,service
297,142.07999999999998,station_irve,Sowatt Solutions,FRSWSP90158545,60.0,Sowatt Solutions,POINT (925153.1199712551 6505057.643296916),13052,service
298,2810.0,station_irve,CityFMET,FREVAP06012A,300.0,SPIE CityNetworks,POINT (1055858.5599991744 6304914.334829942),7888,service
299,2260.0,station_irve,CityFMET,FREVAP11188A,300.0,SPIE CityNetworks,POINT (697470.6232276871 6205561.323010458),7889,service
300,4154.0,station_irve,CityFMET,FREVAP13015A,300.0,SPIE CityNetworks,POINT (893994.3617667079 6263167.681655373),7890,service
301,44.16,station_irve,Sowatt Solutions,FRSWSP90830887,22.08,Sowatt Solutions,POINT (924746.4712428517 6505481.719127085),13081,service
302,1781.0,station_irve,CityFMET,FREVAP25368B,300.0,SPIE CityNetworks,POINT (935973.7864391613 6696525.835454572),7905,service
303,3543.0,station_irve,Ionity,FRIOYP138,400.0,Ionity,POINT (852159.8908585522 6682256.372087704),9074,service
304,3843.0,station_irve,Ionity,FRIOYP188,400.0,Ionity,POINT (892448.0107840803 6633715.199492194),9075,service
305,1543.0,station_irve,Ionity,FRIOYP218,350.0,Ionity,POINT (409643.502590019 6264315.940161812),9076,service
306,41574.0,station_irve,Ionity,FRIOYP221KYNIK85BM,400.0,Ionity,POINT (399385.2531682089 6875470.5312373135),9077,service
307,7043.0,station_irve,Ionity,FRIOYP222,400.0,Ionity,POINT (866326.9516893867 6748427.627449687),9078,service
308,2243.0,station_irve,Ionity,FRIOYP241,350.0,Ionity,POINT (813456.2922916277 6691007.631544803),9079,service
309,1543.0,station_irve,Ionity,FRIOYP252,350.0,Ionity,POINT (860678.9456470443 6529242.07862496),9080,service
310,4343.0,station_irve,Ionity,FRIOYP264,350.0,Ionity,POINT (425137.2184095829 6783630.150928997),9081,service
311,2243.0,station_irve,Ionity,FRIOYP278,350.0,Ionity,POINT (841530.0787821036 6381160.143586961),9082,service
312,49624.0,station_irve,Ionity,FRIOYP2FDXH5MX6HGI,600.0,Ionity,POINT (655502.5851462142 6628143.950646867),9083,service
313,1543.0,station_irve,Ionity,FRIOYP323,350.0,Ionity,POINT (498846.7517896448 6625725.264778739),9085,service
314,220.0,station_irve,Plenitude On The Road,FRPLNP23D3KF08SU1N,110.0,Plenitude On The Road,POINT (681734.4806426483 7034091.570757513),11135,service
315,123389.0,station_irve,Ionity,FRIOYP3YROKSB0PVPE,400.0,Ionity,POINT (843321.8285898014 6465774.292069582),9089,service
316,3404.0,station_irve,Plenitude On The Road,FRPLNP2JLPMSBHYV24,400.0,Plenitude On The Road,POINT (410120.0044457847 6677562.553505482),11138,service
317,3293.0,station_irve,Ionity,FRIOYP415,350.0,Ionity,POINT (523118.86022379226 6783230.604675113),9090,service
318,5743.0,station_irve,Ionity,FRIOYP475,350.0,Ionity,POINT (837668.5089985868 6347896.326816275),9092,service
319,19910.0,station_irve,Ionity,FRIOYP4Z9Y45MTMW50,350.0,Ionity,POINT (437269.54627950356 6716912.692495515),9093,service
320,5329.0,station_irve,Ionity,FRIOYP53I0MQ3UB1KX,350.0,Ionity,POINT (846864.3767759136 6534008.684707051),9094,service
321,2250.5,station_irve,ENGIE Vianeo,FRVIAP103108,300.0,ENGIE Vianeo,POINT (894053.3313822581 6262359.459104994),14038,service
322,3502.0,station_irve,Plenitude On The Road,FRPLNP3BUU5C7TKRDS,600.0,Plenitude On The Road,POINT (932292.0734842329 6899274.890485995),11144,service
323,2243.0,station_irve,Ionity,FRIOYP63,350.0,Ionity,POINT (963625.0205913563 6557309.5630063135),9096,service
324,1302.0,station_irve,Plenitude On The Road,FRPLNP3UD6XKEY4M7L,300.0,Plenitude On The Road,POINT (415783.56510341377 6416132.859420221),11149,service
325,4343.0,station_irve,Ionity,FRIOYP913,350.0,Ionity,POINT (714347.8381165453 6504755.09054801),9102,service
326,1702.0,station_irve,Plenitude On The Road,FRPLNP449B0XEXVXTZ,400.0,Plenitude On The Road,POINT (763104.0951755146 6528717.174151161),11153,service
327,5586.0,station_irve,Plenitude On The Road,FRPLNP5S8NNCSRRLPQ,400.0,Plenitude On The Road,POINT (762884.9677197027 6528768.450283745),11166,service
328,700.0,station_irve,IZIVIA EXPRESS,FRE04POAZS225,200.0,IZIVIA,POINT (925991.3265829883 6503306.572417547),7073,service
329,600.0,station_irve,IZIVIA EXPRESS,FRE04POAZS226,150.0,IZIVIA,POINT (926069.6108767008 6503494.697618121),7074,service
330,5637.0,station_irve,Plenitude On The Road,FRPLNP6QAOD08IHS98,300.0,Plenitude On The Road,POINT (762886.4240387981 6528603.879837583),11183,service
331,351.0,station_irve,Plenitude On The Road,FRPLNP7HUE8MFTWXN4,150.0,Plenitude On The Road,POINT (896595.1673578026 6274526.186147373),11190,service
332,5322.0,station_irve,Plenitude On The Road,FRPLNP7ZX8TDW9X080,300.0,Plenitude On The Road,POINT (619446.5129660051 6729949.100474967),11194,service
333,1014.0,station_irve,Plenitude On The Road,FRPLNP86WW2RIVNIAQ,150.0,Plenitude On The Road,POINT (971765.7927536163 6463542.079509902),11198,service
334,2250.5,station_irve,ENGIE Vianeo,FRVIAP103101,300.0,ENGIE Vianeo,POINT (834084.7103612877 6535183.758865426),14031,service
335,500.0,station_irve,Allego,FRALLPGO800001,250.0,Allego,POINT (1037923.9596446306 6836335.973051153),5061,service
336,500.0,station_irve,Allego,FRALLPGO800002,250.0,Allego,POINT (1037923.9596446306 6836335.973051153),5062,service
337,600.0,station_irve,Allego,FRALLPGO800003,300.0,Allego,POINT (1037923.9596446306 6836335.973051153),5063,service
338,143.0,station_irve,Allego,FRALLPGO800004,50.0,Allego,POINT (1037923.9596446306 6836335.973051153),5064,service
339,143.0,station_irve,Allego,FRALLPGO800005,50.0,Allego,POINT (1037923.9596446306 6836335.973051153),5065,service
340,650.0,station_irve,Allego,FRALLPGO800010,300.0,Allego,POINT (373378.99873845704 6651003.35142123),5067,service
341,650.0,station_irve,Allego,FRALLPGO800011,300.0,Allego,POINT (373378.99873845704 6651003.35142123),5068,service
342,600.0,station_irve,Allego,FRALLPGO800012,300.0,Allego,POINT (373378.99873845704 6651003.35142123),5069,service
343,600.0,station_irve,Allego,FRALLPGO800013,300.0,Allego,POINT (373378.99873845704 6651003.35142123),5070,service
344,600.0,station_irve,Allego,FRALLPGO800014,300.0,Allego,POINT (373378.99873845704 6651003.35142123),5071,service
345,650.0,station_irve,Allego,FRALLPGO800020,300.0,Allego,POINT (373943.272393908 6650301.730625701),5073,service
346,650.0,station_irve,Allego,FRALLPGO800021,300.0,Allego,POINT (373943.272393908 6650301.730625701),5074,service
347,600.0,station_irve,Allego,FRALLPGO800022,300.0,Allego,POINT (373943.272393908 6650301.730625701),5075,service
348,600.0,station_irve,Allego,FRALLPGO800023,300.0,Allego,POINT (373943.272393908 6650301.730625701),5076,service
349,600.0,station_irve,Allego,FRALLPGO800024,300.0,Allego,POINT (373943.272393908 6650301.730625701),5077,service
350,650.0,station_irve,Allego,FRALLPGO800030,300.0,Allego,POINT (582586.668573785 6266267.452921101),5078,service
351,650.0,station_irve,Allego,FRALLPGO800031,300.0,Allego,POINT (582586.668573785 6266267.452921101),5079,service
352,600.0,station_irve,Allego,FRALLPGO800032,300.0,Allego,POINT (582586.668573785 6266267.452921101),5080,service
353,600.0,station_irve,Allego,FRALLPGO800033,300.0,Allego,POINT (582586.668573785 6266267.452921101),5081,service
354,600.0,station_irve,Allego,FRALLPGO800034,300.0,Allego,POINT (582586.668573785 6266267.452921101),5082,service
355,650.0,station_irve,Allego,FRALLPGO800040,300.0,Allego,POINT (468423.4052403557 6599220.859411457),5083,service
356,650.0,station_irve,Allego,FRALLPGO800041,300.0,Allego,POINT (468423.4052403557 6599220.859411457),5084,service
357,600.0,station_irve,Allego,FRALLPGO800042,300.0,Allego,POINT (468423.4052403557 6599220.859411457),5085,service
358,600.0,station_irve,Allego,FRALLPGO800043,300.0,Allego,POINT (468423.4052403557 6599220.859411457),5086,service
359,600.0,station_irve,Allego,FRALLPGO800044,300.0,Allego,POINT (468423.4052403557 6599220.859411457),5087,service
360,2250.5,station_irve,ENGIE Vianeo,FRVIAP103106,300.0,ENGIE Vianeo,POINT (873983.068407991 6444263.043507478),14036,service
361,5044.0,station_irve,Electra,FRELCPAAARZN,300.0,Electra,POINT (636320.6866969398 6235957.726851241),7137,service
362,5044.0,station_irve,Electra,FRELCPAAARZS,300.0,Electra,POINT (636626.8818572331 6235643.622990892),7138,service
363,2249.0,station_irve,ENGIE Vianeo,FRVIAP103107,300.0,ENGIE Vianeo,POINT (873985.7707650445 6443826.471659611),14037,service
364,3000.0,station_irve,Tesla,FRTSLP11417,250.0,Tesla,POINT (440286.6522540722 6583202.751202024),13286,service
365,7000.0,station_irve,Tesla,FRTSLP11605,250.0,Tesla,POINT (932322.2526183514 6496071.5539006535),13287,service
366,7000.0,station_irve,Tesla,FRTSLP11606,250.0,Tesla,POINT (932143.59350337 6496119.383729699),13288,service
367,3844.0,station_irve,Electra,FRELCPAAGARB,300.0,Electra,POINT (540049.358493878 6328853.04853297),7147,service
368,3844.0,station_irve,Electra,FRELCPAAGART,300.0,Electra,POINT (540102.6443285472 6328867.706510044),7148,service
369,5000.0,station_irve,Tesla,FRTSLP16456,250.0,Tesla,POINT (437250.09007655 6716776.110007257),13294,service
370,8644.0,station_irve,Electra,FRELCPAAL45,300.0,Electra,POINT (847771.7572150681 6437302.335174505),7152,service
371,3844.0,station_irve,Electra,FRELCPAAMZT,300.0,Electra,POINT (699173.8047487207 6539701.745108716),7154,service
372,9200.0,station_irve,Tesla,FRTSLP1720,360.0,Tesla,POINT (719915.744483542 6419180.79038355),13300,service
373,500.0,station_irve,Tesla,FRTSLP1734,125.0,Tesla,POINT (925891.6216225263 6503446.7092774995),13311,service
374,3244.0,station_irve,Electra,FRELCPAAVITE,300.0,Electra,POINT (881633.072888114 6263446.230730207),7162,service
375,3434.0,station_irve,ENGIE Vianeo,FRVIAP103114,300.0,ENGIE Vianeo,POINT (1054092.9990561602 6304946.205200737),14044,service
376,1200.0,station_irve,Tesla,FRTSLP1744,150.0,Tesla,POINT (725186.3848846637 6307336.685467268),13319,service
377,900.0,station_irve,Tesla,FRTSLP1749,150.0,Tesla,POINT (853870.2179311487 6512916.757866931),13323,service
378,900.0,station_irve,Tesla,FRTSLP1750,150.0,Tesla,POINT (853713.6712750122 6512864.182799969),13324,service
379,3000.0,station_irve,Tesla,FRTSLP17909,250.0,Tesla,POINT (727816.8205710443 6599744.157090042),13345,service
380,3264.0,station_irve,ENGIE Vianeo,FRVIAP104104,300.0,ENGIE Vianeo,POINT (917226.4558425215 6236415.504519576),14050,service
381,3000.0,station_irve,Tesla,FRTSLP21027,250.0,Tesla,POINT (892381.1473257879 6633454.378677525),13350,service
382,3264.0,station_irve,ENGIE Vianeo,FRVIAP104105,300.0,ENGIE Vianeo,POINT (916865.3108822457 6236259.797127881),14051,service
383,2064.0,station_irve,ENGIE Vianeo,FRVIAP104106,300.0,ENGIE Vianeo,POINT (908703.5887368248 6259121.293596253),14052,service
384,2064.0,station_irve,ENGIE Vianeo,FRVIAP104107,300.0,ENGIE Vianeo,POINT (908909.2497550834 6259165.709210541),14053,service
385,4000.0,station_irve,Tesla,FRTSLP29498,250.0,Tesla,POINT (847288.0300688235 6420146.796056711),13372,service
386,2664.0,station_irve,ENGIE Vianeo,FRVIAP104112,300.0,ENGIE Vianeo,POINT (938376.3301524185 6341706.427193026),14058,service
387,900.0,station_irve,Tesla,FRTSLP2986,150.0,Tesla,POINT (846100.4129195174 6774827.664573679),13389,service
388,900.0,station_irve,Tesla,FRTSLP2987,150.0,Tesla,POINT (845973.3434324081 6774807.056881683),13390,service
389,300.0,station_irve,Allego,FRALLPGO800187,150.0,Allego,POINT (1037923.9596446306 6836335.973051153),5200,service
390,3264.0,station_irve,ENGIE Vianeo,FRVIAP104113,300.0,ENGIE Vianeo,POINT (938215.8614512004 6341629.991980954),14059,service
391,5000.0,station_irve,Tesla,FRTSLP30250,250.0,Tesla,POINT (706359.2580804576 6358917.022889993),13432,service
392,600.0,station_irve,Allego,FRALLPGO800281,300.0,Allego,POINT (373378.99873845704 6651003.35142123),5241,service
393,100.0,station_irve,Allego,FRALLPGO800334,50.0,Allego,POINT (1037923.9596446306 6836335.973051153),5251,service
394,44.0,station_irve,Allego,FRALLPGO800336,22.0,Allego,POINT (1037923.9596446306 6836335.973051153),5252,service
395,1200.0,station_irve,Tesla,FRTSLP3045,150.0,Tesla,POINT (724172.2741855503 6965382.013436427),13446,service
396,2250.0,station_irve,Tesla,FRTSLP3318,150.0,Tesla,POINT (610989.0331983318 7008386.786469935),13469,service
397,1500.0,station_irve,Tesla,FRTSLP3319,150.0,Tesla,POINT (877226.2971959317 6602178.533590411),13474,service
398,44.0,station_irve,Allego,FRALLPGO800500,22.0,Allego,POINT (373943.272393908 6650301.730625701),5326,service
399,44.0,station_irve,Allego,FRALLPGO800501,22.0,Allego,POINT (582586.668573785 6266267.452921101),5327,service
400,1500.0,station_irve,Tesla,FRTSLP5670,150.0,Tesla,POINT (979563.8942895093 6263301.043148909),13515,service
401,44.0,station_irve,Allego,FRALLPGO800503,22.0,Allego,POINT (373378.99873845704 6651003.35142123),5329,service
402,1500.0,station_irve,Tesla,FRTSLP5671,150.0,Tesla,POINT (942196.4401191141 6262903.227945946),13516,service
403,44.0,station_irve,Allego,FRALLPGO800505,22.0,Allego,POINT (468423.4052403557 6599220.859411457),5331,service
404,2250.0,station_irve,Tesla,FRTSLP7320,250.0,Tesla,POINT (384764.0434796838 6616354.703129972),13528,service
405,44.0,station_irve,Allego,FRALLPGO800989,22.0,Allego,POINT (373378.99873845704 6651003.35142123),5434,service
406,143.0,station_irve,SEMOB,FRESEPS42207AC,50.0,E-Totem,POINT (819183.7428194239 6489527.382482757),7533,service
407,3672.0,station_irve,ENGIE Vianeo,FRVIAP101101,300.0,ENGIE Vianeo,POINT (668485.6741643721 6806921.446483893),13996,service
408,4872.0,station_irve,ENGIE Vianeo,FRVIAP101102,300.0,ENGIE Vianeo,POINT (839785.9508634389 6652896.211355798),13997,service
409,4572.0,station_irve,ENGIE Vianeo,FRVIAP101103,300.0,ENGIE Vianeo,POINT (846042.3080264229 6774838.782455908),13998,service
410,4572.0,station_irve,ENGIE Vianeo,FRVIAP101104,300.0,ENGIE Vianeo,POINT (845938.535672083 6774813.307253835),13999,service
411,2472.0,station_irve,ENGIE Vianeo,FRVIAP101105,300.0,ENGIE Vianeo,POINT (895507.6965464106 6675095.559390515),14000,service
412,2472.0,station_irve,ENGIE Vianeo,FRVIAP101106,300.0,ENGIE Vianeo,POINT (895870.8714593593 6675294.70450374),14001,service
413,2472.0,station_irve,ENGIE Vianeo,FRVIAP101107,300.0,ENGIE Vianeo,POINT (673119.2497473679 6834555.102775997),14002,service
414,3672.0,station_irve,ENGIE Vianeo,FRVIAP101108,300.0,ENGIE Vianeo,POINT (684804.0569587131 6583916.689924288),14003,service
415,3672.0,station_irve,ENGIE Vianeo,FRVIAP101109,300.0,ENGIE Vianeo,POINT (684815.3015083493 6584169.863966657),14004,service
416,2472.0,station_irve,ENGIE Vianeo,FRVIAP101110,300.0,ENGIE Vianeo,POINT (829986.6652732663 6668632.377137576),14005,service
417,4872.0,station_irve,ENGIE Vianeo,FRVIAP101111,300.0,ENGIE Vianeo,POINT (860583.9753783632 6529325.6821976155),14006,service
418,2472.0,station_irve,ENGIE Vianeo,FRVIAP101112,300.0,ENGIE Vianeo,POINT (886352.5037836557 6767020.073319077),14007,service
419,3072.0,station_irve,ENGIE Vianeo,FRVIAP101113,300.0,ENGIE Vianeo,POINT (886396.5568761074 6766835.803468343),14008,service
420,4872.0,station_irve,ENGIE Vianeo,FRVIAP101114,300.0,ENGIE Vianeo,POINT (750416.8638896461 6743334.388513298),14009,service
421,3672.0,station_irve,ENGIE Vianeo,FRVIAP101115,300.0,ENGIE Vianeo,POINT (741196.6074448689 6793786.398489371),14010,service
422,3672.0,station_irve,ENGIE Vianeo,FRVIAP101116,300.0,ENGIE Vianeo,POINT (741254.3473307776 6794295.284437731),14011,service
423,2184.0,station_irve,ENGIE Vianeo,FRVIAP102101,300.0,ENGIE Vianeo,POINT (505719.2846192817 6917163.8374573635),14012,service
424,2184.5,station_irve,ENGIE Vianeo,FRVIAP102102,300.0,ENGIE Vianeo,POINT (505186.03616183426 6916796.895871301),14013,service
425,2784.5,station_irve,ENGIE Vianeo,FRVIAP102103,300.0,ENGIE Vianeo,POINT (1045291.883263171 6857064.9038875345),14014,service
426,2784.5,station_irve,ENGIE Vianeo,FRVIAP102104,300.0,ENGIE Vianeo,POINT (1044940.252186907 6857326.876956741),14015,service
427,2184.5,station_irve,ENGIE Vianeo,FRVIAP102105,300.0,ENGIE Vianeo,POINT (767316.7357597995 6927761.19524981),14016,service
428,2422.0,station_irve,ENGIE Vianeo,FRVIAP102106,300.0,ENGIE Vianeo,POINT (625708.0949532569 6968140.692738482),14017,service
429,4584.5,station_irve,ENGIE Vianeo,FRVIAP102107,300.0,ENGIE Vianeo,POINT (733503.7416332581 7026969.848717143),14018,service
430,4584.5,station_irve,ENGIE Vianeo,FRVIAP102108,300.0,ENGIE Vianeo,POINT (733241.0530335825 7027066.978278866),14019,service
431,2184.5,station_irve,ENGIE Vianeo,FRVIAP102109,300.0,ENGIE Vianeo,POINT (966979.98782512 6898672.65283178),14020,service
432,2184.5,station_irve,ENGIE Vianeo,FRVIAP102110,300.0,ENGIE Vianeo,POINT (967166.6917817681 6898724.070298674),14021,service
433,3384.5,station_irve,ENGIE Vianeo,FRVIAP102114,300.0,ENGIE Vianeo,POINT (623393.9561348878 6871798.526920611),14025,service
434,3384.5,station_irve,ENGIE Vianeo,FRVIAP102115,300.0,ENGIE Vianeo,POINT (623176.1824949346 6871844.899883146),14026,service
435,2184.0,station_irve,ENGIE Vianeo,FRVIAP102113,300.0,ENGIE Vianeo,POINT (767107.139459794 6928219.608130024),14024,service
436,4584.5,station_irve,ENGIE Vianeo,FRVIAP102118,300.0,ENGIE Vianeo,POINT (679696.1396251721 6935509.080877114),14029,service
437,1000.0,station_irve,ENGIE Vianeo,FRVIAP102119,400.0,ENGIE Vianeo,POINT (790199.7042362452 6848372.52642904),14030,service
438,2784.5,station_irve,ENGIE Vianeo,FRVIAP102116,300.0,ENGIE Vianeo,POINT (703294.0656711422 7048033.665864533),14027,service
439,2784.5,station_irve,ENGIE Vianeo,FRVIAP102117,300.0,ENGIE Vianeo,POINT (703272.6290139403 7048259.710193446),14028,service
440,2250.5,station_irve,ENGIE Vianeo,FRVIAP103103,300.0,ENGIE Vianeo,POINT (712820.735627465 6785013.830455064),14033,service
441,2250.5,station_irve,ENGIE Vianeo,FRVIAP103104,300.0,ENGIE Vianeo,POINT (925009.9707213825 6465003.651700284),14034,service
442,2250.5,station_irve,ENGIE Vianeo,FRVIAP103105,300.0,ENGIE Vianeo,POINT (905368.1940261363 6501052.703706426),14035,service
443,2081.0,station_irve,CityFMET,FREVAP01195A,300.0,SPIE CityNetworks,POINT (876891.3428049083 6569872.395164379),7887,service
444,2250.5,station_irve,ENGIE Vianeo,FRVIAP103102,300.0,ENGIE Vianeo,POINT (834005.6017997684 6535141.705357524),14032,service
445,2783.0,station_irve,CityFMET,FREVAP21111A,300.0,SPIE CityNetworks,POINT (863709.0175667688 6704581.717239588),7894,service
446,4738.5,station_irve,ENGIE Vianeo,FRVIAP103109,300.0,ENGIE Vianeo,POINT (565685.3249968472 6319053.838564983),14039,service
447,2250.5,station_irve,ENGIE Vianeo,FRVIAP103110,300.0,ENGIE Vianeo,POINT (557660.351381221 6794949.794915804),14040,service
448,2250.5,station_irve,ENGIE Vianeo,FRVIAP103111,300.0,ENGIE Vianeo,POINT (511445.09966915834 6648144.244410689),14041,service
449,2250.5,station_irve,ENGIE Vianeo,FRVIAP103112,300.0,ENGIE Vianeo,POINT (619647.4048251689 6729802.373406604),14042,service
450,2250.5,station_irve,ENGIE Vianeo,FRVIAP103113,300.0,ENGIE Vianeo,POINT (452156.8975803288 6774479.409782359),14043,service
451,2021.0,station_irve,CityFMET,FREVAP21111B,300.0,SPIE CityNetworks,POINT (863758.7147776033 6704993.041285093),7895,service
452,1846.0,station_irve,CityFMET,FREVAP21298A,300.0,SPIE CityNetworks,POINT (812963.1383985698 6691575.22406493),7896,service
453,6810.5,station_irve,ENGIE Vianeo,FRVIAP103115,400.0,ENGIE Vianeo,POINT (688348.4195251173 6976375.920963856),14045,service
454,5886.0,station_irve,ENGIE Vianeo,FRVIAP104101,300.0,ENGIE Vianeo,POINT (568112.7915241107 6302925.789987976),14047,service
455,4524.0,station_irve,ENGIE Vianeo,FRVIAP104102,300.0,ENGIE Vianeo,POINT (568065.730206698 6302760.266416833),14048,service
456,3144.0,station_irve,ENGIE Vianeo,FRVIAP104103,300.0,ENGIE Vianeo,POINT (660729.595449305 6776124.129604633),14049,service
457,2488.0,station_irve,ENGIE Vianeo,FRVIAP103116,300.0,ENGIE Vianeo,POINT (931563.6627468665 6902441.917100628),14046,service
458,3868.0,station_irve,CityFMET,FREVAP31161A,300.0,SPIE CityNetworks,POINT (582629.7650876256 6265913.279927231),7907,service
459,2932.0,station_irve,CityFMET,FREVAP33502A,300.0,SPIE CityNetworks,POINT (425987.6157950306 6460572.966790401),7908,service
460,2081.0,station_irve,CityFMET,FREVAP25368A,300.0,SPIE CityNetworks,POINT (936110.7304066118 6696739.925919724),7904,service
461,4391.0,station_irve,ENGIE Vianeo,FRVIAP104108,300.0,ENGIE Vianeo,POINT (616841.2178540229 6473960.577961226),14054,service
462,3164.0,station_irve,ENGIE Vianeo,FRVIAP104109,300.0,ENGIE Vianeo,POINT (431143.32530313794 6598310.71971776),14055,service
463,3164.0,station_irve,ENGIE Vianeo,FRVIAP104110,300.0,ENGIE Vianeo,POINT (430756.55156659015 6598030.535532275),14056,service
464,2306.5,station_irve,ENGIE Vianeo,FRVIAP104111,300.0,ENGIE Vianeo,POINT (557701.1365662711 6795063.534731203),14057,service
465,5858.0,station_irve,CityFMET,FREVAP37099A,300.0,SPIE CityNetworks,POINT (511823.9420732678 6692887.565629119),7914,service
466,4990.0,station_irve,CityFMET,FREVAP34095A,300.0,SPIE CityNetworks,POINT (764320.7787286838 6272234.623064649),7909,service
467,4362.0,station_irve,ENGIE Vianeo,FRVIAP104114,300.0,ENGIE Vianeo,POINT (603374.8456918593 6251176.168721696),14060,service
468,1600.0,station_irve,ENGIE Vianeo,FRVIAP111103,400.0,ENGIE Vianeo,POINT (750355.2106635487 6743460.642043175),14063,service
469,1000.0,station_irve,ENGIE Vianeo,FRVIAP111104,400.0,ENGIE Vianeo,POINT (839722.7715245569 6652787.197589645),14064,service
470,1000.0,station_irve,ENGIE Vianeo,FRVIAP111105,400.0,ENGIE Vianeo,POINT (829868.6452952683 6668691.253840312),14065,service
471,1000.0,station_irve,ENGIE Vianeo,FRVIAP111102,400.0,ENGIE Vianeo,POINT (668402.33020446 6806987.4755013),14062,service
472,1760.0,station_irve,ENGIE Vianeo,FRVIAP111101,480.0,ENGIE Vianeo,POINT (672983.3298344358 6834527.938860944),14061,service
473,1481.0,station_irve,CityFMET,FREVAP88440A,300.0,SPIE CityNetworks,POINT (912202.505173829 6800265.544865341),7920,service
474,2620.0,station_irve,ENGIE Vianeo,FRVIAP122239,300.0,ENGIE Vianeo,POINT (658606.0399722869 6832798.404074095),14117,service
475,4000.0,station_irve,ENGIE Vianeo,FRVIAP152003,400.0,ENGIE Vianeo,POINT (837472.869495081 6524258.608015754),14269,service
476,2800.0,station_irve,Fastned France,FRFASP50561,400.0,Fastned France,POINT (876654.5862194712 6678053.17120186),8140,service
477,2800.0,station_irve,Fastned France,FRFASP50562,400.0,Fastned France,POINT (876684.6013864065 6678826.820682468),8141,service
478,2400.0,station_irve,Fastned France,FRFASP50558,300.0,Fastned France,POINT (851486.5933398696 6681532.909595709),8138,service
479,2400.0,station_irve,Fastned France,FRFASP50799,300.0,Fastned France,POINT (527132.3370438424 6452434.535987097),8147,service
480,1200.0,station_irve,Fastned France,FRFASP50682,300.0,Fastned France,POINT (668440.4244577696 6806813.095596541),8146,service
481,2400.0,station_irve,Fastned France,FRFASP50806,300.0,Fastned France,POINT (599972.4396141835 6877799.627904636),8151,service
482,1200.0,station_irve,Fastned France,FRFASP50809,300.0,Fastned France,POINT (830706.4799160806 6887310.121544915),8152,service
483,1200.0,station_irve,Fastned France,FRFASP50820,300.0,Fastned France,POINT (655982.3658627348 7052982.803710657),8159,service
484,2400.0,station_irve,Fastned France,FRFASP50824,300.0,Fastned France,POINT (586497.1482724493 6396500.464337575),8161,service
485,4800.0,station_irve,Fastned France,FRFASP50814,300.0,Fastned France,POINT (667224.0304172591 6886018.298438658),8157,service
486,4800.0,station_irve,Fastned France,FRFASP50815,300.0,Fastned France,POINT (667336.3104465115 6885858.3957401905),8158,service
487,2400.0,station_irve,Fastned France,FRFASP50832,300.0,Fastned France,POINT (703965.9038871974 6873851.301783088),8165,service
488,2400.0,station_irve,Fastned France,FRFASP50833,300.0,Fastned France,POINT (704617.7878020883 6874503.788662675),8166,service
489,2400.0,station_irve,Fastned France,FRFASP50837,300.0,Fastned France,POINT (544604.504972735 6920044.0305500645),8170,service
490,2400.0,station_irve,Fastned France,FRFASP50836,300.0,Fastned France,POINT (665724.2681311442 6972999.5455006),8169,service
491,1200.0,station_irve,Fastned France,FRFASP50866,300.0,Fastned France,POINT (968494.1944121481 6466544.380340439),8172,service
492,2400.0,station_irve,Fastned France,FRFASP50560,300.0,Fastned France,POINT (980918.7876354775 6711098.782230719),8139,service
493,5100.0,station_irve,Fastned France,FRFASP50981,300.0,Fastned France,POINT (841528.0587648796 6403960.144937237),8179,service
