id_station,p_max,p_cum,operateur,amenageur,longitude,latitude
FRFASP50995,300.0,2400.0,Fastned France,Fastned France,0.200706,45.98526
FRN54PBEEX0WVU,11.0,110.0,Modulo,Modulo Energies,6.176674,48.68841
FRLIBP237002686,50.0,72.0,Eoliberty,Eoliberty,2.494771,46.02686
FRLIBP608003245,50.0,160.0,Eoliberty,Eoliberty,2.889783,49.23245
FRS77P77116001,22.8,45.6,Bouygues E&S,Ecocharge77,3.219879,48.758823
FROZEP26793059,22.0,22.0,OZECAR,OZECAR,9.3353623,41.6248336
FRS77P77100001,22.8,45.6,Bouygues E&S,Ecocharge77,2.79478,48.505161
FRS37P7613,17.0,17.0,Modulo,Modulo Energies,0.593695,47.404129
FRS28PA1CYMTGH,17.0,17.0,Modulo,Modulo Energies,0.818359,48.322194
FRS77P77003001,22.8,45.6,Bouygues E&S,Ecocharge77,2.531976,48.279121
FRS08POXITUU17,24.0,46.0,Modulo,Modulo Energies,4.117,49.468399
FRN54P7JDKUB55,22.0,44.0,Modulo,Modulo Energies,6.178284,48.661768
FRS28PL0DJU0ZX,17.0,17.0,Modulo,Modulo Energies,1.515252,48.450151
FRS08PFNDTHO84,24.0,46.0,Modulo,Modulo Energies,4.499447,49.354924
FRLIBP683209605,25.0,47.0,Eoliberty,Eoliberty,7.440225,48.09605
FRS77P77385001,22.8,45.6,Bouygues E&S,Ecocharge77,3.233131,48.848412
FRS37POQDSHURC,17.0,34.0,Modulo,Modulo Energies,0.538582,47.14435
FRLIBP026000874,22.0,44.0,Eoliberty,Eoliberty,3.214031,49.30874
FRN54PCW77KIQ5,22.0,88.0,Modulo,Modulo Energies,6.173771,48.686259
FROZEP24354365,22.0,44.0,OZECAR,OZECAR,9.2750605,41.601667
FRS37P7L0RZ66A7S5P,17.0,34.0,Modulo,Modulo Energies,0.57681,46.963507
FRS28PYIM5FDSZ,17.0,17.0,Modulo,Modulo Energies,1.364287,48.229263
FRS28POKFMJC6M,17.0,34.0,Modulo,Modulo Energies,1.340464,48.703578
FRS08P3VW8LYGR,24.0,46.0,Modulo,Modulo Energies,4.957174,49.601797
FRS37PUJ9OPKGG,17.0,34.0,Modulo,Modulo Energies,0.376969,46.975415
FRS37PCXGNXNTN,17.0,34.0,Modulo,Modulo Energies,1.046251,47.332938
FRS77P77456001,22.8,45.6,Bouygues E&S,Ecocharge77,3.289959,48.509865
FRS37PXXK6X1CJ,17.0,34.0,Modulo,Modulo Energies,0.666684,47.399974
FRS51PE3AD8LQD,17.0,34.0,Modulo,Modulo Energies,4.320071,49.301307
FRS41PJUBB6LWF,17.0,34.0,Modulo,Modulo Energies,1.075448,47.81808
FRS77P77175002,24.0,46.8,Bouygues E&S,Ecocharge77,2.6332372,48.6528679
FRS77P77067001,22.8,45.6,Bouygues E&S,Ecocharge77,2.601874,48.56225
FRS77P77284004,22.8,45.6,Bouygues E&S,Ecocharge77,2.882304,48.96729
FRS37P8PWIGCKT,17.0,34.0,Modulo,Modulo Energies,0.731121,47.063057
FRS37PCCXSESER,17.0,34.0,Modulo,Modulo Energies,0.511531,47.169922
FRS41PC6XXJMCF,17.0,34.0,Modulo,Modulo Energies,1.255731,47.390532
FRS77P77054001,22.8,45.6,Bouygues E&S,Ecocharge77,3.021417,48.343342
FROZEP230628041,22.0,22.0,OZECAR,OZECAR,5.4699916,43.5137802
FRS77P77527001,22.8,45.6,Bouygues E&S,Ecocharge77,3.003289,48.690327
FRS88PRAK3FPAV,24.0,46.0,Modulo,Modulo Energies,5.944969,48.202498
FRS41P4Z05WUPB,17.0,34.0,Modulo,Modulo Energies,1.210292,47.887587
FRS28P4Z4MJVOA,22.0,22.0,Modulo,Modulo Energies,1.742543,48.082374
FRLIBP312600140,22.0,44.0,Eoliberty,Eoliberty,0.955832,43.1014
FRS88PAQUDYSGN,25.0,47.0,Modulo,Modulo Energies,6.853841,47.885598
FRS37PGL8JPITL,17.0,34.0,Modulo,Modulo Energies,0.309134,47.285679
FRN54PRJOZ38FY,22.0,39.0,Modulo,Modulo Energies,6.19429,48.70356
FRS51PVY8F7MPS,50.0,72.0,Modulo,Modulo Energies,4.190014,48.780783
FRS37PNWKBVMGG,17.0,34.0,Modulo,Modulo Energies,0.577568,47.109764
FRS77P77447002,22.8,45.6,Bouygues E&S,Ecocharge77,2.54736597907563,48.5527792404026
FROZEP22V20353,22.0,44.0,OZECAR,OZECAR,9.2790095,41.6074025
FRS28POELJ0VJ0,17.0,17.0,Modulo,Modulo Energies,1.123919,48.098514
FRS77P77182001,22.8,45.6,Bouygues E&S,Ecocharge77,3.305767,48.782028
FRS37PNK0TJJQP,17.0,34.0,Modulo,Modulo Energies,0.46013,47.527067
FRS37PULTRLTNB,17.0,34.0,Modulo,Modulo Energies,0.6564,47.3376
FRS51POOPUEWOI,17.0,34.0,Modulo,Modulo Energies,3.679734,48.552142
FRS77P77435001,22.8,45.6,Bouygues E&S,Ecocharge77,2.541457,48.499256
FRS55PEHZUZNBH,17.0,34.0,Modulo,Modulo Energies,5.059802,48.978479
FRS37PMGD7837C,17.0,34.0,Modulo,Modulo Energies,0.626942,47.277408
FRS77P77006001,24.0,46.8,Bouygues E&S,Ecocharge77,2.563657,48.409948
FRS41PBAJV75PE,17.0,34.0,Modulo,Modulo Energies,1.605512,47.715684
FRS77P77188001,22.8,45.6,Bouygues E&S,Ecocharge77,2.756482,48.486507
FRS88PJMIEDYBO,25.0,47.0,Modulo,Modulo Energies,6.47679,48.0905
FRS77E77053004,18.0,36.0,Bouygues E&S,Ecocharge77,2.609214,48.69102
FRS77P77053002,22.8,45.6,Bouygues E&S,Ecocharge77,2.614377,48.697565
FRS41PW0SFH1M8,17.0,34.0,Modulo,Modulo Energies,1.124944,47.325755
FRS77P77441001,24.0,92.39999999999999,Bouygues E&S,Ecocharge77,2.746701,48.451259
FRS37PLGUCTKXB,17.0,34.0,Modulo,Modulo Energies,0.746969,47.346501
FRLIBP598609949,50.0,72.0,Eoliberty,Eoliberty,3.540925,50.39949
FRS41PP0515YPW,17.0,34.0,Modulo,Modulo Energies,2.022989,47.601445
FRS28P4OQLSS1I,17.0,17.0,Modulo,Modulo Energies,1.330665,48.112966
FRS77P77341001,22.8,45.6,Bouygues E&S,Ecocharge77,3.35106,48.45281
FRS28POB5LUGVB,17.0,17.0,Modulo,Modulo Energies,1.644529,48.599459
FRS88P066OWZWF,25.0,47.0,Modulo,Modulo Energies,6.602354,48.385134
FRS77P77371001,24.0,46.8,Bouygues E&S,Ecocharge77,2.99187063513061,48.8126645248484
FRS77P77428001,22.8,45.6,Bouygues E&S,Ecocharge77,2.915421,48.558926
FRS88PPJLQBROU,25.0,47.0,Modulo,Modulo Energies,6.387104,48.177798
FRS08PPKJGLRFF,24.0,46.0,Modulo,Modulo Energies,4.4738,49.523656
FRS88PNLGYAZES,25.0,47.0,Modulo,Modulo Energies,6.46486,47.9669
FRS37PD05NRSFD,17.0,34.0,Modulo,Modulo Energies,0.462365,47.254977
FRS77P77039001,22.8,45.6,Bouygues E&S,Ecocharge77,2.588406,48.526657
FRS28P72PJROAM,17.0,17.0,Modulo,Modulo Energies,1.038915,48.560028
FRS55P7207VFPEEC9R,17.0,204.0,Modulo,Modulo Energies,5.60224,48.755076
FRS28PFAGZXKEG,17.0,17.0,Modulo,Modulo Energies,1.029245,48.629593
FRFASP50804,300.0,2400.0,Fastned France,Fastned France,5.86101,45.243957
FRS41PRPCFV1GK,17.0,34.0,Modulo,Modulo Energies,0.791078,47.775214
FRS88PXNHYK2LF,24.0,46.0,Modulo,Modulo Energies,6.612629,48.093138
FRS41PVZZD0WFI,17.0,34.0,Modulo,Modulo Energies,2.033293,47.533779
FRS41PWKULQJ1C,22.0,44.0,Modulo,Modulo Energies,1.329932,47.591927
FRS41PBSHIZRZG,17.0,34.0,Modulo,Modulo Energies,1.307079,47.529822
FRS55P9OAXM8BI,17.0,34.0,Modulo,Modulo Energies,5.396898,48.610175
FRS77P77335002,22.8,45.6,Bouygues E&S,Ecocharge77,2.8405,48.9712
FRS28POCPW2ZDL,17.0,17.0,Modulo,Modulo Energies,1.244193,48.579345
FRS77P77030001,22.8,45.6,Bouygues E&S,Ecocharge77,3.318183,48.85722
FROZEP23125786,22.0,44.0,OZECAR,OZECAR,9.4036398,42.0133516
FRLIBP791402286,22.0,44.0,Eoliberty,Eoliberty,-0.669615,46.82286
FRS77P77284003,22.8,45.6,Bouygues E&S,Ecocharge77,2.882553,48.967475
FRS37PULIM5IW4,17.0,34.0,Modulo,Modulo Energies,0.948622,47.487133
FRS08PSAU972KV,24.0,46.0,Modulo,Modulo Energies,4.954685,49.428651
FROZEP26793055,22.0,88.0,OZECAR,OZECAR,9.5288368,42.4780773
FRS41PWYRYFE3V,17.0,34.0,Modulo,Modulo Energies,1.506585,47.70652
FRS77P77235001,22.8,45.6,Bouygues E&S,Ecocharge77,3.054889,48.991291
FRN54PNWYGZBHF,22.0,44.0,Modulo,Modulo Energies,6.19677,48.69464
FRS51PQEMNUL5N,17.0,34.0,Modulo,Modulo Energies,3.8708,49.013191
FRS55PADQ9NGV4,17.0,34.0,Modulo,Modulo Energies,5.511154,48.973301
FRS41PQSCTZH3M,17.0,34.0,Modulo,Modulo Energies,1.797433,47.365592
FRS28P7P0AT6U8WPYI,17.0,34.0,Modulo,Modulo Energies,1.198194,48.766006
FRS28P139333,17.0,17.0,Modulo,Modulo Energies,0.956825,48.255157
FRS37P10698,17.0,17.0,Modulo,Modulo Energies,0.676511,47.384392
FRS51P2I9LSXMB,17.0,34.0,Modulo,Modulo Energies,4.025731,49.24513
FRN54PGDTFCDJJ,22.0,44.0,Modulo,Modulo Energies,6.16172,48.6219
FRS41PNYYSIOAH,17.0,34.0,Modulo,Modulo Energies,1.173305,47.49941
FRS08PNT7FNYWI,24.0,46.0,Modulo,Modulo Energies,4.49431,49.788094
FRS28POKUSLL9X,17.0,17.0,Modulo,Modulo Energies,1.885469,48.201157
FRS28PRWK30XV3,17.0,17.0,Modulo,Modulo Energies,1.574964,48.192398
FRS28P137295,17.0,17.0,Modulo,Modulo Energies,1.135338,48.079532
FRS77P77278001,22.8,45.6,Bouygues E&S,Ecocharge77,3.163473,48.7766
FROZEP12230027450002,22.0,22.0,OZECAR,OZECAR,8.9080282,42.0267949
FRS77P77182002,100.0,245.6,Bouygues E&S,Ecocharge77,3.303209,48.782135
FRS77P77008001,22.8,45.6,Bouygues E&S,Ecocharge77,3.021658,48.97871
FRS88PCY5PBGJW,25.0,47.0,Modulo,Modulo Energies,6.818616,47.854989
FRS37PALDPD4QK,17.0,17.0,Modulo,Modulo Energies,1.060857,47.260997
FRS77P77284010,22.8,45.6,Bouygues E&S,Ecocharge77,2.893609,48.949873
FRFASP50835,300.0,2400.0,Fastned France,Fastned France,6.091331,48.86053
FROZEP12228023430006,22.0,22.0,OZECAR,OZECAR,9.540741,42.448949
FRS41PLZAR4RKJ,17.0,34.0,Modulo,Modulo Energies,1.392645,47.821051
FRS77P77393001,24.0,46.8,Bouygues E&S,Ecocharge77,2.958194,48.684582
FRS08PUSAJJXTQ,24.0,46.0,Modulo,Modulo Energies,4.520988,49.924518
FRS28P134403,17.0,17.0,Modulo,Modulo Energies,1.460643,48.673989
FRS77P77359001,22.8,45.6,Bouygues E&S,Ecocharge77,2.552458,48.474224
FRS28PPTB26BQA,17.0,17.0,Modulo,Modulo Energies,1.543013,48.651644
FROZEP24354369,22.0,22.0,OZECAR,OZECAR,9.472585,42.4929223
FRS08PBOYL3H4O,24.0,46.0,Modulo,Modulo Energies,4.699761,49.395875
FRS77P77042001,22.8,45.6,Bouygues E&S,Ecocharge77,3.13829,48.8218
FRS51PK66QUQTD,17.0,34.0,Modulo,Modulo Energies,3.758175,49.100557
FRS55PIWXSCDN5,17.0,34.0,Modulo,Modulo Energies,5.162319,48.775137
FRS28PVZEVQL0A,17.0,17.0,Modulo,Modulo Energies,1.132497,48.407753
FRS41P2087KXK3,22.0,44.0,Modulo,Modulo Energies,1.476516,47.344852
FROZEPZPR335516,11.0,11.0,OZECAR,OZECAR,5.1296594,43.6287641
FRS77P77524001,22.8,45.6,Bouygues E&S,Ecocharge77,3.165309,48.439373
FRS37PGBFLSAMA,17.0,34.0,Modulo,Modulo Energies,1.161836,47.159959
FROZEP221C1767,22.0,22.0,OZECAR,OZECAR,9.4376997,42.6286108
FROZEP22V20354,22.0,22.0,OZECAR,OZECAR,8.9043562,41.6967388
FRS28P130744,17.0,17.0,Modulo,Modulo Energies,1.495829,48.445765
FRS88PNRF1J5HZ,24.0,46.0,Modulo,Modulo Energies,6.83715,48.4041
FRS41PDRRJAENN,17.0,34.0,Modulo,Modulo Energies,2.026326,47.601158
FRS37P1DUXP5AG,17.0,34.0,Modulo,Modulo Energies,0.72785,47.36835
FRS77P77135001,22.8,45.6,Bouygues E&S,Ecocharge77,2.960665,48.647747
FRS77P77344003,24.0,46.8,Bouygues E&S,Ecocharge77,2.81849204478834,49.0710898141281
FRGSPP89218736,22.08,47.839999999999996,Greenspot,Greenspot,2.072773,50.870616
FRS51PH75DLDEI,17.0,34.0,Modulo,Modulo Energies,4.319038,48.961659
FRS37PVOYS53M1,17.0,34.0,Modulo,Modulo Energies,0.920065,46.991234
FRS51PHUFHWABT,17.0,34.0,Modulo,Modulo Energies,3.814135,49.288572
FRS77P77255001,22.8,45.6,Bouygues E&S,Ecocharge77,2.688477,48.511044
FRS37POLLEFKDG,17.0,34.0,Modulo,Modulo Energies,0.683976,47.421294
FRS28PUX263EEI,17.0,17.0,Modulo,Modulo Energies,1.493938,48.442585
FRS77P77385002,22.8,45.6,Bouygues E&S,Ecocharge77,3.238447,48.850102
FRS77P77179001,22.8,45.6,Bouygues E&S,Ecocharge77,2.8,48.4575
FRS37PNEQ3EMGI,17.0,34.0,Modulo,Modulo Energies,0.240357,47.167464
FRLIBP88320759,25.0,47.0,Eoliberty,Eoliberty,5.78857,48.0759
FROZEP24577637,22.0,22.0,OZECAR,OZECAR,8.7988935,42.5425308
FRS55PR3XZXND0,17.0,34.0,Modulo,Modulo Energies,5.191293,49.490326
FRS37P221226,17.0,17.0,Modulo,Modulo Energies,0.439384,47.363263
FRS88PUW6LTYOW,25.0,47.0,Modulo,Modulo Energies,6.87923,48.1726
FRS37PVJLZLV27,17.0,34.0,Modulo,Modulo Energies,0.488611,46.98139
FRLIBP313603949,22.0,44.0,Eoliberty,Eoliberty,0.934349,43.13949
FRS41PRRIWSJDM,17.0,34.0,Modulo,Modulo Energies,1.658134,47.590104
FROZEPZPR293469,22.0,22.0,OZECAR,OZECAR,5.361922,43.547749
FRS41PDP3TDIG1,17.0,34.0,Modulo,Modulo Energies,1.373159,47.268943
FRS77P77302001,22.8,45.6,Bouygues E&S,Ecocharge77,2.69995,48.30003
FRS51P1QBQW78O,17.0,34.0,Modulo,Modulo Energies,3.98555,49.262042
FRS37P4IQNBGHF,17.0,17.0,Modulo,Modulo Energies,0.553336,47.016329
FRLIBP392106269,25.0,47.0,Eoliberty,Eoliberty,5.59682,46.76269
FRS77P77508002,100.0,222.8,Bouygues E&S,Ecocharge77,2.8296959870877343,48.81289774974811
FRFASP50832,300.0,2400.0,Fastned France,Fastned France,3.054163,48.9646
FRS77P77037003,22.8,45.6,Bouygues E&S,Ecocharge77,2.707299,48.468041
FRS77P77522001,22.8,45.6,Bouygues E&S,Ecocharge77,3.376131,48.455891
FRS77P77518001,22.8,45.6,Bouygues E&S,Ecocharge77,2.599086,48.494175
FRN54PWC1J1KRJ,22.0,44.0,Modulo,Modulo Energies,6.18008,48.6458
FRS51PCOY1PXUZ,17.0,34.0,Modulo,Modulo Energies,4.222709,49.175214
FRS37PQQFYVBWD,17.0,34.0,Modulo,Modulo Energies,0.894899,46.944576
FRS37PCPLWBWXP,17.0,34.0,Modulo,Modulo Energies,0.665027,47.350328
FRS37PZQ5ZD1BH,17.0,34.0,Modulo,Modulo Energies,0.76167,47.383396
FRS37P10694,17.0,17.0,Modulo,Modulo Energies,0.677547,47.363736
FRFASP51047,400.0,1600.0,Fastned France,Fastned France,4.082942,46.46283
FRS41PNMJRDESI,17.0,34.0,Modulo,Modulo Energies,1.525589,47.668808
FRS41PG0JVKCMU,17.0,34.0,Modulo,Modulo Energies,1.085881,47.918855
FROZEP24354364,22.0,44.0,OZECAR,OZECAR,9.39011,41.926014
FRFASP51042,400.0,1600.0,Fastned France,Fastned France,6.9324,48.291063
FRS88PSM5GMEUN,25.0,47.0,Modulo,Modulo Energies,6.642625,47.999847
FRS55PN2T9TOIV,17.0,34.0,Modulo,Modulo Energies,5.376687,49.210123
FRS08PTOOUOPPU,24.0,46.0,Modulo,Modulo Energies,4.625257,49.828116
FRS37PTG5R5Y5I,50.0,144.0,Modulo,Modulo Energies,0.672126,47.254312
FRS41P7PQPAGYD,17.0,34.0,Modulo,Modulo Energies,1.192719,47.756018
FRS37PH9NL1MST,17.0,34.0,Modulo,Modulo Energies,0.717981,47.391718
FRLIBP31160215,22.0,44.0,Eoliberty,Eoliberty,0.797365,43.0215
FROZEPA02B23464020062,22.0,22.0,OZECAR,OZECAR,5.352732,43.4142338
FRS77P77238001,18.0,36.0,Bouygues E&S,Ecocharge77,3.123814,48.92767
FRS41PPZPSERU9,17.0,34.0,Modulo,Modulo Energies,1.390391,47.276707
FRS41PYEWHGEWZ,17.0,34.0,Modulo,Modulo Energies,1.459363,47.507757
FRFASP50866,300.0,1200.0,Fastned France,Fastned France,6.423404,45.245848
FRS28PI5JANG5V,17.0,17.0,Modulo,Modulo Energies,1.533341,48.647488
FRFASP50801,300.0,2400.0,Fastned France,Fastned France,4.13341,43.715255
FRS77P77528001,22.8,45.6,Bouygues E&S,Ecocharge77,2.664648,48.571087
FRS41PYZPNK0VI,17.0,34.0,Modulo,Modulo Energies,1.669796,47.321429
FRS88PLLJOJKEL,25.0,47.0,Modulo,Modulo Energies,6.13304,48.3019
FRS28PTEH8EWHH,17.0,17.0,Modulo,Modulo Energies,1.160301,48.480715
FRS37PWU35YJWA,17.0,34.0,Modulo,Modulo Energies,0.257426,47.507438
FRS88PHJXFAOIM,25.0,47.0,Modulo,Modulo Energies,6.709425,47.90669
FRS28PB2YNKGM5,17.0,17.0,Modulo,Modulo Energies,1.578366,48.589346
FRS51PGLNZTJXR,17.0,34.0,Modulo,Modulo Energies,4.774333,48.606594
FRS37PRPWI23IP,17.0,34.0,Modulo,Modulo Energies,0.59817,47.272888
FRFASP50820,300.0,1200.0,Fastned France,Fastned France,2.379636,50.572433
FRS51PJYUP6YO5,17.0,34.0,Modulo,Modulo Energies,4.1323,49.197361
FRZUNP1615743645321921749,400.0,10288.0,Zunder,Zunder,2.240692,47.095986
FRS08PQKVTVMRM,24.0,46.0,Modulo,Modulo Energies,4.702371,49.992544
FRS77P77397001,24.0,46.8,Bouygues E&S,Ecocharge77,3.207247,48.962259
FRLIBP921201101,22.0,440.0,Eoliberty,Eoliberty,2.326248,48.81101
FROZEP26793061,22.0,44.0,OZECAR,OZECAR,9.449457,42.134298
FRLIBP637803277,50.0,72.0,Eoliberty,Eoliberty,2.835824,45.93277
FRFASP51041,400.0,3200.0,Fastned France,Fastned France,2.261122,50.740538
FRS28P4QASE9CF,17.0,17.0,Modulo,Modulo Energies,1.369631,48.717581
FRS37PTSAR6C1I,17.0,34.0,Modulo,Modulo Energies,0.348189,47.308279
FRS77P77260001,22.8,45.6,Bouygues E&S,Ecocharge77,3.246524,48.513992
FRS51P4JVC2AED,17.0,34.0,Modulo,Modulo Energies,4.117894,49.049605
FRGSPP89911883,22.08,51.519999999999996,Greenspot,Greenspot,-0.174225,45.692258
FRS37PLDORAO0U,17.0,17.0,Modulo,Modulo Energies,0.961663,46.831853
FRS37PM0DZIWRI,17.0,34.0,Modulo,Modulo Energies,0.930159,47.260249
FRS51PPPIGKOFS,17.0,34.0,Modulo,Modulo Energies,4.583232,48.723506
FRS37PGRWNK94I,17.0,34.0,Modulo,Modulo Energies,1.027371,47.32226
FRS37PRK3F0UCV,17.0,34.0,Modulo,Modulo Energies,0.914723,47.228092
FROZEP27624943,22.0,44.0,OZECAR,OZECAR,8.9464814,42.6299696
FRS28PXW9OZL2A,17.0,17.0,Modulo,Modulo Energies,1.478678,48.882817
FRS55PPBJX0AUA,17.0,34.0,Modulo,Modulo Energies,5.383243,49.163453
FRS77P77288001,24.0,46.8,Bouygues E&S,Ecocharge77,2.660073044713312,48.539630187088285
FROZEP6S0A23234834,22.0,44.0,OZECAR,OZECAR,9.5390726,42.3194002
FROZEPZPR293439,22.0,22.0,OZECAR,OZECAR,9.165896712,41.389000594
FRS37PNWWKFFKU,17.0,34.0,Modulo,Modulo Energies,0.985279,46.913225
FRS51PYPONBYQQ,50.0,72.0,Modulo,Modulo Energies,4.322721,49.038165
FRS28PI5YKD3OH,17.0,34.0,Modulo,Modulo Energies,1.186173,48.044019
FRS77P77308001,22.8,45.6,Bouygues E&S,Ecocharge77,2.743907,49.025669
FRS37PCO16CCPR,17.0,34.0,Modulo,Modulo Energies,0.286574,47.395095
FRS77P77208001,22.8,45.6,Bouygues E&S,Ecocharge77,3.293563,48.482601
FRS88P9LHJJVJE,25.0,47.0,Modulo,Modulo Energies,6.5813,48.04599
FRS51PBMFCCBJH,17.0,34.0,Modulo,Modulo Energies,4.170852,49.362772
FRLIBP628405384,25.0,47.0,Eoliberty,Eoliberty,2.839724,50.65384
FRS37P4KLKAQUU,17.0,17.0,Modulo,Modulo Energies,1.042143,47.05603
FRS37PNDF0J6IT,17.0,34.0,Modulo,Modulo Energies,0.964369,47.183943
FROZEP12230027450001,25.0,25.0,OZECAR,SAS Ozecar,8.7013889,42.1136111
FRS77P77053001,22.8,45.6,Bouygues E&S,Ecocharge77,2.611432,48.694917
FRS77P77040002,22.8,45.6,Bouygues E&S,Ecocharge77,2.561816,48.503139
FRS37PPIKHMPJC,17.0,34.0,Modulo,Modulo Energies,0.718387,47.388464
FRS51PKLUDS1FV,17.0,34.0,Modulo,Modulo Energies,3.878221,49.073952
FRS77P77288009,100.0,245.60000000000002,Bouygues E&S,Ecocharge77,2.65495510812153,48.5337168096606
FRS77P77405001,22.8,45.6,Bouygues E&S,Ecocharge77,3.18528,48.906219
FRS55PMLNWQT7G,17.0,34.0,Modulo,Modulo Energies,5.627281,49.096559
FRS77P77203001,22.8,45.6,Bouygues E&S,Ecocharge77,2.9502057,48.9963908
FRS37P215617,17.0,17.0,Modulo,Modulo Energies,1.042205,47.056025
FRS41PQB7ISYPK,17.0,34.0,Modulo,Modulo Energies,1.608919,47.411859
FRS28PPLTMIKW9,17.0,17.0,Modulo,Modulo Energies,1.467517,48.451561
FRS37PXSHHVMXX,17.0,34.0,Modulo,Modulo Energies,0.650692,47.448616
FRS08PL39HBXRX,17.0,34.0,Modulo,Modulo Energies,5.0775,49.606
FRS51P1MFQMHGM,17.0,34.0,Modulo,Modulo Energies,4.050241,49.287623
FRS77P77361001,22.8,45.6,Bouygues E&S,Ecocharge77,3.040816,48.899723
FRS28PMG9I34K7,17.0,17.0,Modulo,Modulo Energies,1.481157,48.013685
FRS37P2ZST0Y8W,17.0,34.0,Modulo,Modulo Energies,0.42726,47.318301
FRN54P14ABCJ8G,11.0,132.0,Modulo,Modulo Energies,6.170791,48.696881
FROZEP22V20350,22.0,44.0,OZECAR,OZECAR,9.171872,41.751586
FRS77P77486002,100.0,222.8,Bouygues E&S,Ecocharge77,3.1044982,48.6874009
FRS77P77069002,24.0,46.8,Bouygues E&S,Ecocharge77,2.607938,48.465767
FRS77P77437001,22.8,45.6,Bouygues E&S,Ecocharge77,2.806383,49.039307
FRS51P0ISBO0DR,17.0,34.0,Modulo,Modulo Energies,3.977128,49.082242
FRS28PSQIBHGAR,17.0,17.0,Modulo,Modulo Energies,1.024159,48.569637
FRS88PA0FR1Q0L,25.0,47.0,Modulo,Modulo Energies,6.466396,48.19388
FRS37POEVP23D1,17.0,34.0,Modulo,Modulo Energies,0.876667,47.249625
FRS77P77156001,24.0,46.8,Bouygues E&S,Ecocharge77,2.73537311,48.2708816
FRZUNP7329346578064027187,400.0,10464.0,Zunder,Zunder,0.891121,47.301879
FRS37P219734,17.0,17.0,Modulo,Modulo Energies,0.788014,47.024564
FRS77P77288010,24.0,46.8,Bouygues E&S,Ecocharge77,2.660091,48.535773
FRLIBP442204394,50.0,72.0,Eoliberty,Eoliberty,-1.676948,47.24394
FRS28PNB7OS8ZG,22.0,39.0,Modulo,Modulo Energies,1.011539,48.474088
FRLIBP802208293,50.0,72.0,Eoliberty,Eoliberty,1.561994,49.98293
FRS37PF0VO3MX0,17.0,34.0,Modulo,Modulo Energies,0.674062,47.456468
FRN54PWLW0C6PH,22.0,44.0,Modulo,Modulo Energies,6.17407,48.686047
FRLIBP608005875,22.0,44.0,Eoliberty,Eoliberty,2.81748,49.25875
FRS41P4I8CNQ7C,17.0,34.0,Modulo,Modulo Energies,1.681046,47.500549
FRS77P77031001,22.8,45.6,Bouygues E&S,Ecocharge77,2.938246,48.675091
FRFASP50602,300.0,2400.0,Fastned France,Fastned France,4.76787,46.14335
FRS88PVICZWCM9,25.0,42.0,Modulo,Modulo Energies,6.044664,48.087704
FRS37PNZKI7CDU,17.0,34.0,Modulo,Modulo Energies,0.22122,47.387246
FRS77P77232001,22.8,45.6,Bouygues E&S,Ecocharge77,2.825952,48.912483
FRS77P77070001,22.8,45.6,Bouygues E&S,Ecocharge77,3.124815,48.79105
FRS37P7614,17.0,17.0,Modulo,Modulo Energies,0.593695,47.404129
FRS77P77266002,24.0,46.8,Bouygues E&S,Ecocharge77,2.8359232,48.456305
FRS77P77285001,22.8,45.6,Bouygues E&S,Ecocharge77,2.64036,48.542576
FRS51PWYNOOXVC,17.0,34.0,Modulo,Modulo Energies,3.946328,49.082391
FRS37P4WL7IBCK,17.0,34.0,Modulo,Modulo Energies,0.625271,47.053944
FROZEPACE0057814,22.0,44.0,OZECAR,OZECAR,9.1562973,41.387721
FRS37PNWL886KP,17.0,34.0,Modulo,Modulo Energies,0.80229,47.397149
FRS88PXTMEQKHZ,25.0,47.0,Modulo,Modulo Energies,6.95925,48.2364
FRLIBP031003275,50.0,72.0,Eoliberty,Eoliberty,2.602757,46.33275
FRS77P77001001,22.8,45.6,Bouygues E&S,Ecocharge77,2.56414,48.348167
FRS51PCZFGHW3Z,17.0,34.0,Modulo,Modulo Energies,3.977766,49.249985
FRS37P0ASSUKKE,17.0,34.0,Modulo,Modulo Energies,0.226024,47.280226
FRS41PDN1DX65A,17.0,34.0,Modulo,Modulo Energies,1.338252,47.593425
FRS37P9OV45AEP,17.0,34.0,Modulo,Modulo Energies,0.697231,47.243192
FRLIBP627200633,50.0,72.0,Eoliberty,Eoliberty,1.725054,50.80633
FRS37P3GFDT87Z,17.0,34.0,Modulo,Modulo Energies,0.183346,47.195244
FRS51PEGIIAFUI,17.0,34.0,Modulo,Modulo Energies,3.783627,48.555099
FRFASP50874,400.0,3200.0,Fastned France,Fastned France,-4.075207,48.012242
FRS37P219844,17.0,17.0,Modulo,Modulo Energies,0.553296,47.016191
FRS77P77144001,22.8,45.6,Bouygues E&S,Ecocharge77,2.90766,48.75396
FRS77P77457001,22.8,45.6,Bouygues E&S,Ecocharge77,2.717254,48.657776
FRS77P77106001,22.8,45.6,Bouygues E&S,Ecocharge77,3.184065,48.81773
FRS55PRGDNLVYX,17.0,34.0,Modulo,Modulo Energies,5.288487,49.031403
FRS51PGBJC7S1T,17.0,34.0,Modulo,Modulo Energies,4.103658,49.264588
FRS77P77131008,22.8,45.6,Bouygues E&S,Ecocharge77,3.08840109644032,48.8088733108098
FRS28P134205,17.0,17.0,Modulo,Modulo Energies,1.011539,48.474088
FRS88PL4ZDENTA,25.0,47.0,Modulo,Modulo Energies,6.47546,48.1402
FRS77P77191001,22.8,45.6,Bouygues E&S,Ecocharge77,2.951969,48.555733
FRFASP50562,300.0,1200.0,Fastned France,Fastned France,5.333594,47.186229
FRS37PWZQ46GYH,17.0,34.0,Modulo,Modulo Energies,0.820415,47.042463
FRS37P2FXXODYP,17.0,34.0,Modulo,Modulo Energies,0.603103,47.020863
FRS37PXR6DIVP3,17.0,34.0,Modulo,Modulo Energies,0.986778,47.290863
FRLIBP605507270,22.0,168.2,Eoliberty,Eoliberty,2.504197,49.2727
FRS41PWL0XXZCV,17.0,34.0,Modulo,Modulo Energies,1.496372,47.249526
FRS88PIJXBTBCZ,25.0,47.0,Modulo,Modulo Energies,6.660559,47.926333
FRS77P77118005,24.0,46.8,Bouygues E&S,Ecocharge77,2.6786474,48.9370819
FRLIBP922500576,50.0,364.0,Eoliberty,Eoliberty,2.238259,48.90576
FRS37PEN5EY8MR,17.0,34.0,Modulo,Modulo Energies,0.62613,47.439276
FRS37PKWTCW0WP,17.0,34.0,Modulo,Modulo Energies,0.667944,47.073438
FRLIBP105009923,50.0,72.0,Eoliberty,Eoliberty,4.51766,48.39923
FRS37P4DE6KO6L,17.0,34.0,Modulo,Modulo Energies,0.542855,47.246726
FRS37PHBLTDLI4,17.0,34.0,Modulo,Modulo Energies,0.844593,47.350406
FRS41PNHSSSAME,17.0,68.0,Modulo,Modulo Energies,1.335507,47.610383
FRS28PV6JGC2VF,17.0,34.0,Modulo,Modulo Energies,0.916358,48.627291
FRS77P77025001,22.8,45.6,Bouygues E&S,Ecocharge77,3.188327,48.398651
FRS55PJNPRYR3N,17.0,34.0,Modulo,Modulo Energies,5.518475,48.901643
FRLIBP181005520,22.0,44.0,Eoliberty,Eoliberty,1.92548,47.2552
FRS77P77102001,22.8,45.6,Bouygues E&S,Ecocharge77,2.62648,48.233624
FRS88PPGRG9M54,25.0,47.0,Modulo,Modulo Energies,6.86487,48.067212
FRS55PTHKEI1YJ,17.0,34.0,Modulo,Modulo Energies,5.354515,48.488338
FRFASP50606,300.0,1200.0,Fastned France,Fastned France,2.9287,48.42598
FRS37PDKAZGCSZ,17.0,34.0,Modulo,Modulo Energies,0.88746,46.841416
FRS41P7RLLZEBF,17.0,68.0,Modulo,Modulo Energies,1.508335,47.703524
FRS08PE0UJBJEQ,24.0,46.0,Modulo,Modulo Energies,4.738553,49.885189
FRS77P77089001,22.8,45.6,Bouygues E&S,Ecocharge77,2.971726,48.511906
FROZEP12229023410004,25.0,69.0,OZECAR,SAS OZECAR,8.783101,41.926708
FRS77P77475003,22.8,45.6,Bouygues E&S,Ecocharge77,2.949626,48.962367
FRFASP50836,300.0,2400.0,Fastned France,Fastned France,2.523729,49.854847
FRS41PTFSDKTFM,17.0,34.0,Modulo,Modulo Energies,1.612878,47.71724
FRLIBP681403935,22.0,44.0,Eoliberty,Eoliberty,7.134324,48.03935
FRN54P7VHLJFMO,22.0,44.0,Modulo,Modulo Energies,6.13388,48.6994
FRS37PMMWPDEFW,17.0,34.0,Modulo,Modulo Energies,0.168533,47.278571
FRS77P77433001,22.8,45.6,Bouygues E&S,Ecocharge77,3.048279,48.758305
FRS37P7QGOVLGW,17.0,34.0,Modulo,Modulo Energies,1.037211,47.585272
FRS28PK1WI1YHE,17.0,17.0,Modulo,Modulo Energies,1.87898,48.416215
FROZEP24354367,22.0,44.0,OZECAR,OZECAR,8.9175379,41.7168455
FRS77P77339001,22.8,45.6,Bouygues E&S,Ecocharge77,2.496094,48.373798
FROZEP26793057,22.0,44.0,OZECAR,OZECAR,8.7686241,42.5536909
FRS37PCFKEUFY2,17.0,34.0,Modulo,Modulo Energies,0.954043,47.431091
FRS08PMURJEOJJ,17.0,34.0,Modulo,Modulo Energies,4.369649,49.504894
FROZEP26793058,22.0,88.0,OZECAR,OZECAR,9.3964357,41.7723714
FRLIBP44522317,50.0,116.0,Eoliberty,Eoliberty,-1.229661,47.4317
FRS77P77534001,22.8,45.6,Bouygues E&S,Ecocharge77,2.773878,48.637527
FRS77P77482001,22.8,45.6,Bouygues E&S,Ecocharge77,2.92905,48.375946
FRLIBP31260282,22.0,44.0,Eoliberty,Eoliberty,0.934368,43.1282
FRS77P77253001,22.8,45.6,Bouygues E&S,Ecocharge77,2.694243,48.626202
FRS77P77288006,100.0,200.0,Bouygues E&S,Ecocharge77,2.657548,48.555317
FROZEP12228023430001,22.0,22.0,OZECAR,OZECAR,9.2845923,41.5952767
FRS88PYLM13QW6,25.0,47.0,Modulo,Modulo Energies,5.581239,48.317543
FRS37P1LO12B1G,17.0,34.0,Modulo,Modulo Energies,0.593695,47.404129
FRS41PNZXBP6XH,17.0,34.0,Modulo,Modulo Energies,1.848995,47.5426
FRS37P3LD5ZG1V,150.0,300.0,Modulo,Modulo Energies,0.983885,47.542586
FRS41P3804,17.0,17.0,Modulo,Modulo Energies,1.239974,47.671469
FRS37PHENJZO2F,17.0,34.0,Modulo,Modulo Energies,0.790964,47.502321
FRS28PRYARIQIW,17.0,17.0,Modulo,Modulo Energies,1.463518,48.450539
FROZEPT184IT11423001,180.0,360.0,OZECAR,SAS Ozecar,9.276947275,41.604621609
FRS77P77480001,22.8,45.6,Bouygues E&S,Ecocharge77,2.891339,48.44434
FRS55PVISEUCFX,17.0,34.0,Modulo,Modulo Energies,5.017258,48.637806
FRS51P2FNN6UCT,17.0,34.0,Modulo,Modulo Energies,4.025792,49.26998
FRS28PMTBGMDOG,17.0,17.0,Modulo,Modulo Energies,1.944203,48.347049
FROZEP26670300,22.0,22.0,OZECAR,OZECAR,8.9026946,41.6699528
FRS37PABHGHJSO,17.0,34.0,Modulo,Modulo Energies,0.789972,46.973452
FROZEPZPR281572,7.4,7.4,OZECAR,OZECAR,9.2915882,41.5868425
FRS37P221326,17.0,17.0,Modulo,Modulo Energies,1.060857,47.260997
FRS08PJF4V4WRQ,24.0,46.0,Modulo,Modulo Energies,4.707178,50.010736
FRS77P77397002,24.0,46.8,Bouygues E&S,Ecocharge77,3.214234,48.965053
FRS37PQSR4KPZD,17.0,34.0,Modulo,Modulo Energies,0.915994,47.322015
FRS77P77069001,24.0,92.39999999999999,Bouygues E&S,Ecocharge77,2.607938,48.465767
FRS28P4KUQMORL,17.0,17.0,Modulo,Modulo Energies,1.772468,48.461236
FRS77P77455001,22.8,45.6,Bouygues E&S,Ecocharge77,2.69905,48.652874
FRS28PJ0FMCK9H,17.0,17.0,Modulo,Modulo Energies,1.775175,48.463224
FRS41PUONGT6Z3,22.0,44.0,Modulo,Modulo Energies,1.416839,47.613725
FRS28PKDI8PT5E,17.0,17.0,Modulo,Modulo Energies,1.233912,47.997089
FRS77P77389002,22.8,45.6,Bouygues E&S,Ecocharge77,2.655785,48.517753
FRS77P77192001,24.0,46.8,Bouygues E&S,Ecocharge77,2.866713,48.706941
FRS37PKBOO7G5N,17.0,17.0,Modulo,Modulo Energies,0.541846,47.347274
FRS55POCZANWPV,17.0,34.0,Modulo,Modulo Energies,5.427367,49.071221
FRS37PY1XVEUKZ,17.0,34.0,Modulo,Modulo Energies,0.700934,47.47148
FRS77P77127001,24.0,46.8,Bouygues E&S,Ecocharge77,2.697092,48.668724
FRS77P77377001,22.8,45.6,Bouygues E&S,Ecocharge77,2.740637,48.714993
FRS41PI2IYFWSH,17.0,34.0,Modulo,Modulo Energies,0.995529,47.805809
FRS41PXFXEX5HQ,17.0,34.0,Modulo,Modulo Energies,1.743234,47.359277
FRS37PBUTGSIJC,17.0,34.0,Modulo,Modulo Energies,1.084447,47.314141
FRS77P77057001,22.8,45.6,Bouygues E&S,Ecocharge77,3.236135,48.922424
FRS77P77123002,22.8,45.6,Bouygues E&S,Ecocharge77,2.6631248197074937,48.993199522408624
FRS77P77118006,24.0,46.8,Bouygues E&S,Ecocharge77,2.676683065485753,48.949747053749206
FRS37PCNODQ9VI,17.0,34.0,Modulo,Modulo Energies,1.030155,47.433521
FRS37PKPMZSLGD,17.0,34.0,Modulo,Modulo Energies,0.95074,47.345939
FRS77P77344001,22.8,45.6,Bouygues E&S,Ecocharge77,2.81107448716752,49.0712134292407
FRS55PT0BLECDO,17.0,34.0,Modulo,Modulo Energies,5.662529,49.331998
FRLIBP602605005,50.0,188.0,Eoliberty,Eoliberty,2.425021,49.15005
FRS37PH0TYCE5C,17.0,34.0,Modulo,Modulo Energies,1.143283,47.253201
FRS55PBVJ7ACB9,17.0,34.0,Modulo,Modulo Energies,5.511859,48.821478
FRS37PHYU23PFJ,17.0,34.0,Modulo,Modulo Energies,0.3399,46.957
FRS37PLOLCPA5F,95.0,185.0,Modulo,Modulo Energies,0.166098,47.252323
FRFASP50837,300.0,2400.0,Fastned France,Fastned France,0.861169,49.360989
FRS37PTPQV57T7,17.0,34.0,Modulo,Modulo Energies,0.65006,47.61778
FRS37P491NWQ2S,17.0,34.0,Modulo,Modulo Energies,0.239341,47.169492
FRS41PUSKV4NWF,17.0,34.0,Modulo,Modulo Energies,1.024389,47.797822
FRS28PCQ1N4DJY,17.0,17.0,Modulo,Modulo Energies,1.47347,48.447741
FRS37P0YNJVGO7,17.0,34.0,Modulo,Modulo Energies,0.984944,47.34035
FRS41PJ3VOUQCG,17.0,34.0,Modulo,Modulo Energies,1.525134,47.413841
FRS77P77288005,24.0,92.39999999999999,Bouygues E&S,Ecocharge77,2.66658651658295,48.5308143918996
FRS88PDVG7P8HW,25.0,47.0,Modulo,Modulo Energies,6.924876,48.081364
FRS88PR9SOB4DQ,25.0,47.0,Modulo,Modulo Energies,6.383636,48.307361
FRS77P77360001,22.8,45.6,Bouygues E&S,Ecocharge77,2.984761,48.734184
FROZEPT124IT11823009,124.0,248.0,OZECAR,SAS Ozecar,9.276947275,41.604621609
FRS41P7YGDWKBA,17.0,34.0,Modulo,Modulo Energies,1.233368,47.902339
FRS41PNTB0EN6W,22.0,33.0,Modulo,Modulo Energies,1.460532,47.497488
FRS37PPJFEIA1F,17.0,34.0,Modulo,Modulo Energies,0.616292,47.342306
FRS37P8X677XEH,17.0,34.0,Modulo,Modulo Energies,0.424916,47.119953
FRS88P7BUDCYLR,25.0,47.0,Modulo,Modulo Energies,6.570253,48.281964
FRFASP50799,300.0,2400.0,Fastned France,Fastned France,0.800075,45.149531
FRS55PG5DWIKMO,17.0,34.0,Modulo,Modulo Energies,5.242708,48.593992
FRS41P4440,17.0,17.0,Modulo,Modulo Energies,1.42975,47.421438
FRS77P77477001,22.8,45.6,Bouygues E&S,Ecocharge77,2.602099,48.342205
FRS37P215554,17.0,17.0,Modulo,Modulo Energies,1.096377,47.181837
FRS37P2CXKMHLQ,17.0,34.0,Modulo,Modulo Energies,0.666599,47.390672
FRFASP50830,300.0,1200.0,Fastned France,Fastned France,7.064557,48.974923
FRS28PWM6IALU5,17.0,17.0,Modulo,Modulo Energies,1.522352,48.641926
FRS77P77127002,22.8,45.6,Bouygues E&S,Ecocharge77,2.695989,48.670251
FRS41P8GZHKY23,17.0,34.0,Modulo,Modulo Energies,2.03553,47.31321
FRS28P9LZBZDEE,17.0,17.0,Modulo,Modulo Energies,1.391091,48.727654
FRS77P77142002,22.8,45.6,Bouygues E&S,Ecocharge77,2.909066,48.857899
FRS28PLZJCBVYH,17.0,34.0,Modulo,Modulo Energies,1.632298,48.2765
FRS41PHZKDBO5Y,22.0,44.0,Modulo,Modulo Energies,1.852306,47.633002
FRS41P4544,17.0,17.0,Modulo,Modulo Energies,1.369809,47.567044
FRLIBP182302803,22.0,88.0,Eoliberty,Eoliberty,2.370648,47.12803
FRS37PBBOMBNCU,17.0,34.0,Modulo,Modulo Energies,0.655129,47.418898
FROZEPDE0240B1GRBC001481,120.0,240.0,OZECAR,SAS OZECAR,8.783101,41.926708
FRS77P77126001,22.8,45.6,Bouygues E&S,Ecocharge77,2.974578,49.006927
FRS55P9MHUXHV6,17.0,34.0,Modulo,Modulo Energies,5.507144,48.513392
FRS41PEMBTZLP5,17.0,34.0,Modulo,Modulo Energies,2.178621,47.457754
FRS51PEI26RIYV,17.0,34.0,Modulo,Modulo Energies,3.720691,48.721745
FRS77P77345001,22.8,45.6,Bouygues E&S,Ecocharge77,3.229534,48.904442
FRS37PNOR7U7PX,17.0,34.0,Modulo,Modulo Energies,0.700201,46.974434
FROZEP26670301,7.4,14.8,OZECAR,OZECAR,8.7014934,42.025712
FRS77P77432001,22.8,45.6,Bouygues E&S,Ecocharge77,3.232304,48.792183
FRS37P221256,17.0,17.0,Modulo,Modulo Energies,0.91895,47.330502
FRS37P215807,17.0,17.0,Modulo,Modulo Energies,0.961663,46.831853
FRS37PFSMJ6CLH,17.0,34.0,Modulo,Modulo Energies,0.988131,47.411565
FROZEP26793054,22.0,22.0,OZECAR,OZECAR,9.4394348,42.6447275
FRS28PIRE9RG7X,17.0,17.0,Modulo,Modulo Energies,1.290792,48.76059
FRS37PTAJUIW86,17.0,34.0,Modulo,Modulo Energies,0.413926,46.948278
FRN54P9RNIESZA,22.0,264.0,Modulo,Modulo Energies,6.175381,48.689914
FRS41PCRBDIQGW,17.0,34.0,Modulo,Modulo Energies,1.355931,47.573036
FRS08PZMKHUKVM,24.0,46.0,Modulo,Modulo Energies,4.419153,49.698213
FRS41P4RNEVC3P,17.0,34.0,Modulo,Modulo Energies,1.769307,47.292443
FRS51PIX2FRJIU,17.0,34.0,Modulo,Modulo Energies,4.89263,49.091377
FRS41PRIUSFPOK,17.0,34.0,Modulo,Modulo Energies,0.929588,47.901046
FRS08PGAW8ZYE7,17.0,34.0,Modulo,Modulo Energies,5.044,49.6695
FRS28PY90KOTG7,17.0,17.0,Modulo,Modulo Energies,1.014208,48.471682
FRS77E774470011,22.0,44.0,Bouygues E&S,Ecocharge77,2.549188,48.557755
FROZEPT184IT10923129,180.0,360.0,OZECAR,SAS Ozecar,9.276947275,41.604621609
FRS28P0E2O4CCK,17.0,17.0,Modulo,Modulo Energies,1.771408,48.354695
FROZEP26793047,22.0,44.0,OZECAR,OZECAR,8.8614616,41.6997973
FRS51PZ1FGJR4Q,17.0,34.0,Modulo,Modulo Energies,4.005171,48.906003
FRS28PBAXO6ZDX,17.0,17.0,Modulo,Modulo Energies,1.583614,48.547241
FRS37PD2NN5JDP,17.0,34.0,Modulo,Modulo Energies,0.578016,47.443652
FRS51P3UGQCV7F,17.0,34.0,Modulo,Modulo Energies,3.996112,49.218544
FRS77P77354001,100.0,222.8,Bouygues E&S,Ecocharge77,2.87287086880438,48.46092966684901
FRS88P1IRXWMUE,25.0,47.0,Modulo,Modulo Energies,6.447231,48.163675
FRS88P9LX2VBDF,25.0,47.0,Modulo,Modulo Energies,6.40224,48.0442
FRS28PCDFYBNW2,17.0,17.0,Modulo,Modulo Energies,1.577741,48.586706
FROZEP26670312,22.0,44.0,OZECAR,OZECAR,9.5302838,42.3918344
FRS77P77118001,22.8,45.6,Bouygues E&S,Ecocharge77,2.687649,48.945904
FRS37P4SBXGDSCWDDE,17.0,34.0,Modulo,Modulo Energies,0.318453,47.020663
FRS37PFOQAVBVP,17.0,34.0,Modulo,Modulo Energies,0.49908,47.444663
FRS37PGZWR7EDF,17.0,34.0,Modulo,Modulo Energies,0.990664,47.443928
FRS28PDM9P5GDZ,17.0,17.0,Modulo,Modulo Energies,1.243168,48.299421
FROZEP6S0A22293164,22.0,22.0,OZECAR,OZECAR,9.1594,42.3027628
FRS77P77431001,24.0,92.39999999999999,Bouygues E&S,Ecocharge77,2.67831429,48.2705034
FRS28PVTXEFJEQ,17.0,17.0,Modulo,Modulo Energies,1.392673,48.220971
FRS37POW9NXPES,17.0,34.0,Modulo,Modulo Energies,0.392997,47.425585
FRS37P5C5LNVLX,17.0,34.0,Modulo,Modulo Energies,0.67733,47.379472
FRS28PMH38M8VR,17.0,17.0,Modulo,Modulo Energies,1.385027,48.182481
FRS51PUCVDZJ0I,17.0,34.0,Modulo,Modulo Energies,3.64144,49.078606
FRS55PCAFFBRLR,17.0,136.0,Modulo,Modulo Energies,5.166973,48.773186
FRS41PMGFYMG7G,17.0,34.0,Modulo,Modulo Energies,2.05821,47.42841
FRS28PKMGE9CMJ,17.0,17.0,Modulo,Modulo Energies,1.392723,48.113672
FROZEP12228023430012,22.0,44.0,OZECAR,OZECAR,8.7314786,42.0417727
FRS28PLG2WWM7R,17.0,17.0,Modulo,Modulo Energies,1.356077,48.7207
FRS41PX7TNVALU,22.0,44.0,Modulo,Modulo Energies,1.182929,47.475262
FRS77P77365001,22.8,45.6,Bouygues E&S,Ecocharge77,3.033389,48.713238
FRS51P95877,17.0,17.0,Modulo,Modulo Energies,4.040516,49.245067
FRS28PFLB4CAPQ,17.0,17.0,Modulo,Modulo Energies,1.626731,48.270532
FRLIBP922208532,22.0,44.0,Eoliberty,Eoliberty,2.304613,48.78532
FRS37PGPPXT9PD,17.0,34.0,Modulo,Modulo Energies,0.676511,47.384392
FRS77P77490001,22.8,45.6,Bouygues E&S,Ecocharge77,3.0927511,49.046368
FROZEPZPR335511,11.0,11.0,OZECAR,OZECAR,5.1296594,43.6287641
FRS41PHKCSDOLF,17.0,34.0,Modulo,Modulo Energies,1.460828,47.499325
FRS41PBVKABDAU,17.0,34.0,Modulo,Modulo Energies,1.90451,47.61043
FRS51PICM3WVAH,17.0,34.0,Modulo,Modulo Energies,4.514877,48.987472
FRFASP50981,300.0,5100.0,Fastned France,Fastned France,4.787287,44.72035
FRS37P5AXSMOXX,17.0,34.0,Modulo,Modulo Energies,0.66912,47.42307
FROZEPACE0057817,22.0,44.0,OZECAR,OZECAR,9.447495,41.9989769
FRS41P4866,17.0,17.0,Modulo,Modulo Energies,1.171846,47.501399
FRS08P9ATM7VTU,24.0,46.0,Modulo,Modulo Energies,4.383278,49.395725
FRS28PML7MPQLV,17.0,34.0,Modulo,Modulo Energies,1.348317,48.079206
FRS37P1385,17.0,17.0,Modulo,Modulo Energies,0.735517,47.288104
FRS41PDHCTBONK,17.0,34.0,Modulo,Modulo Energies,1.545043,47.549129
FRS41P4228,17.0,17.0,Modulo,Modulo Energies,2.023062,47.593796
FRS37PKLVCFZL0,17.0,34.0,Modulo,Modulo Energies,1.190249,47.257237
FRS37PJOUPDBI3,17.0,34.0,Modulo,Modulo Energies,0.638127,47.43707
FRS28PNKHAYUYY,17.0,17.0,Modulo,Modulo Energies,1.073028,48.689084
FRS08PDLGZ3UFK,24.0,46.0,Modulo,Modulo Energies,4.427569,49.869541
FRS77P77185001,22.8,45.6,Bouygues E&S,Ecocharge77,2.55056,48.448892
FRLIBP602604901,22.0,22.0,Eoliberty,Eoliberty,2.429213,49.14901
FRS08P129232,17.0,17.0,Modulo,Modulo Energies,4.54027,49.654708
FRS41PKFF0NB9V,17.0,34.0,Modulo,Modulo Energies,1.338914,47.587974
FRS77P77269002,22.8,45.6,Bouygues E&S,Ecocharge77,2.70193128005346,48.5488149892175
FRS37PGBCUHNZX,17.0,34.0,Modulo,Modulo Energies,0.510935,47.341249
FRS08PCKHFNGEU,24.0,46.0,Modulo,Modulo Energies,4.782989,49.526756
FRS37PUUM14P0N,17.0,34.0,Modulo,Modulo Energies,0.322903,47.442506
FRS77P77100002,22.8,45.6,Bouygues E&S,Ecocharge77,2.800076,48.509586
FRS41PLUV2LNFH,17.0,34.0,Modulo,Modulo Energies,1.332601,47.587793
FRFASP50810,300.0,1200.0,Fastned France,Fastned France,4.790058,49.073637
FRS37PEAUWFBB5,17.0,17.0,Modulo,Modulo Energies,0.778561,47.368393
FRS88PNSPORLTS,25.0,47.0,Modulo,Modulo Energies,5.82574,48.10823
FRS37P163851,17.0,17.0,Modulo,Modulo Energies,0.777079,47.363938
FRS37P219731,17.0,17.0,Modulo,Modulo Energies,0.788014,47.024564
FROZEP12228023430011,22.0,44.0,OZECAR,OZECAR,9.2936182,41.6325003
FRS51PQYMIWNTV,17.0,34.0,Modulo,Modulo Energies,4.468023,48.975782
FRS37PFVAFAWXZ,17.0,34.0,Modulo,Modulo Energies,0.977177,47.419462
FRS77P77109001,22.8,45.6,Bouygues E&S,Ecocharge77,3.195108,48.616379
FRLIBP742105949,22.0,44.0,Eoliberty,Eoliberty,6.31653,45.75949
FRS41P402W2FFB,17.0,34.0,Modulo,Modulo Energies,0.995718,47.851507
FRS77P77118003,24.0,46.8,Bouygues E&S,Ecocharge77,2.68868,48.945433
FRZUNP3649321977867046375,400.0,6551.4,Zunder,Zunder,-1.08937,43.937391
FRS08PMTC5LV4E,24.0,46.0,Modulo,Modulo Energies,4.70136,49.400247
FRS37P10699,17.0,17.0,Modulo,Modulo Energies,0.683976,47.421294
FROZEP12228023430007,22.0,22.0,OZECAR,OZECAR,9.3952307,41.8596182
FRS37PNWBF92RV,17.0,34.0,Modulo,Modulo Energies,0.995338,47.128861
FRS55PQAHUFALQ,17.0,34.0,Modulo,Modulo Energies,5.084508,48.68389
FRGSPP89621814,22.08,94.3,Greenspot,Greenspot,-1.139836,44.616895
FRS08PYA9IGCWW,24.0,46.0,Modulo,Modulo Energies,4.708943,49.312189
FRS28POGH8P8UH,17.0,17.0,Modulo,Modulo Energies,0.831218,48.313478
FRS28PXIP51BGA,17.0,17.0,Modulo,Modulo Energies,1.391698,48.188448
FRS88PWNZ9MAZS,25.0,47.0,Modulo,Modulo Energies,6.43929,48.1875
FRS37PY1KBY5KD,17.0,34.0,Modulo,Modulo Energies,0.677547,47.363736
FRLIBP580008692,50.0,144.0,Eoliberty,Eoliberty,3.172703,46.98692
FRS37PKG0ANNJB,17.0,17.0,Modulo,Modulo Energies,0.788014,47.024564
FRS41P1VAJIK2O,22.0,44.0,Modulo,Modulo Energies,1.494947,47.276351
FRS51P3CRZMWI1,17.0,34.0,Modulo,Modulo Energies,3.682168,49.307914
FRS51PS1M1PEYW,17.0,34.0,Modulo,Modulo Energies,4.046795,49.260411
FRS55PYSH6BDCW,17.0,34.0,Modulo,Modulo Energies,5.324949,48.68465
FRLIBP18300275,22.0,22.0,Eoliberty,Eoliberty,2.830974,47.3275
FRS77P77404001,24.0,46.8,Bouygues E&S,Ecocharge77,3.253609,48.529092
FRS37PDDHUBGD0,17.0,34.0,Modulo,Modulo Energies,0.458515,47.346247
FRS55PNGHDWVJJ,17.0,34.0,Modulo,Modulo Energies,5.159173,48.76661
FRS28PU2JCHV77,17.0,17.0,Modulo,Modulo Energies,1.289339,48.06675
FRS37PRAALKFKS,17.0,34.0,Modulo,Modulo Energies,0.902142,47.587438
FRS41PEAB9GYI2,17.0,34.0,Modulo,Modulo Energies,1.378134,47.581612
FRS88PNA91YDLJ,24.0,46.0,Modulo,Modulo Energies,6.131019,48.28082
FRS28PHEDUGCGY,17.0,17.0,Modulo,Modulo Energies,1.339914,48.730228
FRS51PXVLCAAW0,17.0,34.0,Modulo,Modulo Energies,3.557073,48.73262
FRS37P3ZAPHOPE,17.0,34.0,Modulo,Modulo Energies,0.631503,47.496225
FRS37PTKTR8PL5,17.0,34.0,Modulo,Modulo Energies,0.319192,47.547601
FRS41P4543,17.0,17.0,Modulo,Modulo Energies,1.369809,47.567044
FRS51P14G2NOEO,17.0,34.0,Modulo,Modulo Energies,3.808141,48.92467
FRS51PKBN0IRT6,17.0,34.0,Modulo,Modulo Energies,4.036179,49.228438
FRS28PYULYTLZV,17.0,17.0,Modulo,Modulo Energies,1.382251,48.600134
FRS77P77252001,22.8,45.6,Bouygues E&S,Ecocharge77,2.66521,48.62632
FRS55PWRI457BD,17.0,34.0,Modulo,Modulo Energies,5.046276,48.716915
FRS51P95878,17.0,17.0,Modulo,Modulo Energies,4.040516,49.245067
FRS77P77348001,22.8,45.6,Bouygues E&S,Ecocharge77,2.654417,48.243546
FRS77P77016001,22.8,45.6,Bouygues E&S,Ecocharge77,2.706278,48.231504
FROZEP22V20351,22.0,44.0,OZECAR,OZECAR,8.6978225,42.1147314
FRS77P77316001,22.8,45.6,Bouygues E&S,Ecocharge77,2.850102,48.349255
FRS28PNZHFNDIZ,17.0,17.0,Modulo,Modulo Energies,1.387454,48.17977
FRS37P2TKJA8HZ,17.0,34.0,Modulo,Modulo Energies,0.462871,47.261803
FRLIBP021005989,7.4,14.8,Eoliberty,Eoliberty,3.258627,49.85989
FRS28PKEMVS7AU,17.0,17.0,Modulo,Modulo Energies,0.822767,48.319784
FRS51P9M7398IK,17.0,34.0,Modulo,Modulo Energies,3.54542,48.870452
FRLIBP382609208,22.0,44.0,Eoliberty,Eoliberty,5.253039,45.39208
FRS77P77148001,22.8,45.6,Bouygues E&S,Ecocharge77,3.068942,49.090664
FRS37P214048,17.0,17.0,Modulo,Modulo Energies,0.778562,47.368393
FRS77P77368001,22.8,45.6,Bouygues E&S,Ecocharge77,3.281679,48.539558
FRS41PIE0XOYZA,17.0,17.0,Modulo,Modulo Energies,1.250068,47.524286
FRN54PTDWGXKVH,22.0,44.0,Modulo,Modulo Energies,6.173022,48.689762
FRS37POWPWNXLK,17.0,34.0,Modulo,Modulo Energies,0.908191,47.58978
FRFASP51032,400.0,6400.0,Fastned France,Fastned France,2.616049,48.821806
FRFASP51038,400.0,4800.0,Fastned France,Fastned France,2.889418,42.672913
FRS51PAFSN3L5M,22.0,44.0,Modulo,Modulo Energies,4.597991,48.71551
FRS77P77493001,22.8,45.6,Bouygues E&S,Ecocharge77,2.835405,48.644661
FRS37PPCUZM5ZC,17.0,34.0,Modulo,Modulo Energies,0.57854,47.498193
FRS37PPPGFPOFH,17.0,34.0,Modulo,Modulo Energies,0.670714,47.569643
FRS37PVDHKE64L,17.0,34.0,Modulo,Modulo Energies,0.697123,47.349275
FROZEPZPR293385,22.0,22.0,OZECAR,OZECAR,9.277737,41.604515
FRS41PDCDTDSWJ,17.0,34.0,Modulo,Modulo Energies,1.557391,47.273629
FRS55POXPVPNRZ,17.0,34.0,Modulo,Modulo Energies,5.270227,48.558649
FROZEPDE4040B1GPAC00021M,47.0,94.0,OZECAR,OZECAR,9.4013285,42.0192054
FRS88PYSKJDZM0,25.0,42.0,Modulo,Modulo Energies,6.87145,47.9399
FRS37PTRHWF3UG,17.0,34.0,Modulo,Modulo Energies,0.715108,47.305223
FRS41P4999,17.0,17.0,Modulo,Modulo Energies,1.400757,47.276675
FRS37P10700,17.0,17.0,Modulo,Modulo Energies,0.683976,47.421294
FRS37PBRTHQAOD,17.0,34.0,Modulo,Modulo Energies,0.142785,47.202358
FRN54PZMLJXEMG,22.0,88.0,Modulo,Modulo Energies,6.16836,48.6729
FRLIBP135007042,22.0,22.0,Eoliberty,Eoliberty,5.040671,43.37042
FRS77P77475001,22.8,45.6,Bouygues E&S,Ecocharge77,2.947197,48.958482
FRS77P77072001,22.8,45.6,Bouygues E&S,Ecocharge77,3.459796,48.54184
FRS77P77363003,22.8,45.6,Bouygues E&S,Ecocharge77,2.62940691555965,48.914569615281
FRN54PDZCFEXQK,22.0,44.0,Modulo,Modulo Energies,6.14207,48.69796
FRS77P77142003,22.8,45.6,Bouygues E&S,Ecocharge77,2.908856,48.858352
FRS08PFF7RCVV2,24.0,46.0,Modulo,Modulo Energies,4.599876,49.873325
FRS37PPMH1WSHK,17.0,34.0,Modulo,Modulo Energies,0.352268,47.267778
FRS77P77288008,22.8,45.6,Bouygues E&S,Ecocharge77,2.6541588,48.549869
FRS77P77306002,24.0,46.8,Bouygues E&S,Ecocharge77,2.686769,48.596839
FRS37P5XGLJVLP,17.0,34.0,Modulo,Modulo Energies,0.47541,47.615922
FRS37PWUMFWY4R,17.0,34.0,Modulo,Modulo Energies,0.745838,47.441886
FRS08PTMUUK5CZ,24.0,46.0,Modulo,Modulo Energies,4.807788,50.10205
FRS77P77284001,22.8,45.6,Bouygues E&S,Ecocharge77,2.902139,48.943699
FRFASP50806,300.0,2400.0,Fastned France,Fastned France,1.63311,48.992331
FROZEPACE0057811,22.0,44.0,OZECAR,OZECAR,9.1562973,41.387721
FRS37PHOLMUDSF,17.0,34.0,Modulo,Modulo Energies,1.208122,47.177905
FRS37PPQP9GH3N,17.0,17.0,Modulo,Modulo Energies,0.919147,47.542562
FRS77P77027001,22.8,45.6,Bouygues E&S,Ecocharge77,2.478393,48.139336
FRS77E77291001,18.0,36.0,Bouygues E&S,Ecocharge77,2.591242,49.017696
FRS28P6KFKEOZS,22.0,22.0,Modulo,Modulo Energies,1.48405,48.447249
FRS28PKNURUXPU,17.0,17.0,Modulo,Modulo Energies,1.322385,48.676224
FRFASP50825,300.0,2400.0,Fastned France,Fastned France,2.873564,50.173438
FRFASP50561,300.0,1200.0,Fastned France,Fastned France,5.332896,47.179275
FRS28P0XT3QXZM,17.0,17.0,Modulo,Modulo Energies,1.240442,48.760826
FRS08PYTISTPLR,24.0,46.0,Modulo,Modulo Energies,4.842865,49.883542
FRS41PULPBYWLO,17.0,34.0,Modulo,Modulo Energies,1.447639,47.639409
FRS37P215555,17.0,17.0,Modulo,Modulo Energies,1.096377,47.181837
FRS41P4867,17.0,17.0,Modulo,Modulo Energies,1.171846,47.501399
FRS37PCKUNWBJP,17.0,34.0,Modulo,Modulo Energies,0.744771,47.545012
FROZEP231258211,22.0,44.0,OZECAR,OZECAR,5.4699916,43.5137802
FRS51PA18QIUYO,17.0,34.0,Modulo,Modulo Energies,4.531267,49.130925
FRS88PCNM9EL3Y,25.0,47.0,Modulo,Modulo Energies,6.52264,48.0588
FRS77P77453001,22.8,45.6,Bouygues E&S,Ecocharge77,2.750641,48.52702
FRS41PBBAWQLNA,22.0,44.0,Modulo,Modulo Energies,1.341651,47.448915
FRS37P3M8KBRKV,17.0,34.0,Modulo,Modulo Energies,1.013968,47.100724
FRFASP50828,300.0,2400.0,Fastned France,Fastned France,2.864158,50.261485
FRS08PN6WLEU1U,24.0,46.0,Modulo,Modulo Energies,4.99298,49.651375
FRS08P188242,17.0,17.0,Modulo,Modulo Energies,4.63894,49.649323
FRS77P77095001,22.8,45.6,Bouygues E&S,Ecocharge77,2.760311,48.971008
FRS08P188243,17.0,17.0,Modulo,Modulo Energies,4.63894,49.649323
FRS37PYKBWMNXD,17.0,34.0,Modulo,Modulo Energies,1.011337,47.132751
FRS55PA7SWLY8L,17.0,34.0,Modulo,Modulo Energies,5.400957,49.342913
FRS77P77447001,22.8,45.6,Bouygues E&S,Ecocharge77,2.549188,48.557755
FRS77P77447003,24.0,46.8,Bouygues E&S,Ecocharge77,2.5476768,48.558127
FRS55P2KWT4CR0,17.0,34.0,Modulo,Modulo Energies,5.381737,49.155459
FRS37PI16UYLXB,17.0,17.0,Modulo,Modulo Energies,0.649559,47.659527
FRS37PSILOJ6LH,17.0,34.0,Modulo,Modulo Energies,0.183013,47.205516
FRS77P77227001,22.8,45.6,Bouygues E&S,Ecocharge77,3.349335,48.483391
FRS77P77096001,22.8,45.6,Bouygues E&S,Ecocharge77,2.700847,48.488678
FRS51PH3UTDK4X,17.0,34.0,Modulo,Modulo Energies,3.991867,48.753599
FRS41PG9KGOQ7P,17.0,34.0,Modulo,Modulo Energies,1.428741,47.958865
FRS37P68139,11.0,11.0,Modulo,Modulo Energies,0.670825,47.431241
FRN54P8TZK3GSW,22.0,78.0,Modulo,Modulo Energies,6.14581,48.6494
FRS77P77389004,24.0,46.8,Bouygues E&S,Ecocharge77,2.6607771,48.5221692
FRS08P46461,17.0,17.0,Modulo,Modulo Energies,4.2676,49.4177
FRS41PDMHJKPT4,11.0,22.0,Modulo,Modulo Energies,1.29412,47.822077
FRFASP51048,400.0,2400.0,Fastned France,Fastned France,4.9775,43.497694
FRS37PUUIX4RT4,17.0,34.0,Modulo,Modulo Energies,1.218024,47.092178
FRS77P77269003,24.0,92.39999999999999,Bouygues E&S,Ecocharge77,2.70106248582935,48.5491277815743
FRFASP50813,300.0,1200.0,Fastned France,Fastned France,6.167004,45.999881
FRS08P129231,17.0,17.0,Modulo,Modulo Energies,4.54027,49.654708
FRS28P3EQDDXHQ,17.0,17.0,Modulo,Modulo Energies,1.167616,48.211401
FROZEP26793053,22.0,44.0,OZECAR,OZECAR,9.444437,42.000321
FRS77P77053003,22.8,45.6,Bouygues E&S,Ecocharge77,2.607417,48.690407
FRS51P9VI5SOGN,22.0,44.0,Modulo,Modulo Energies,4.591346,48.726232
FRS77P77306001,24.0,46.8,Bouygues E&S,Ecocharge77,2.669444,48.592321
FRS77P77389003,22.8,45.6,Bouygues E&S,Ecocharge77,2.662989,48.519701
FRS41PNPYYCBLX,22.0,88.0,Modulo,Modulo Energies,1.445571,47.432981
FRS37PWZSRFETX,17.0,34.0,Modulo,Modulo Energies,0.769341,47.22798
FRS88PJIVPA6GL,25.0,47.0,Modulo,Modulo Energies,5.831397,48.20989
FRZUNP5909246146811129817,400.0,6555.099999999999,Zunder,Zunder,-0.849669,44.361165
FRGSPP89882058,22.08,47.839999999999996,Greenspot,Greenspot,-1.217409,45.814282
FRS55P67N0BUJU,17.0,34.0,Modulo,Modulo Energies,5.387714,49.15923
FRS77P77249001,22.8,45.6,Bouygues E&S,Ecocharge77,2.6151806,48.7471803
FRS37P10697,17.0,17.0,Modulo,Modulo Energies,0.676511,47.384392
FRS28PEJKWDCAY,17.0,17.0,Modulo,Modulo Energies,1.491615,48.450232
FROZEPZPR293472,22.0,22.0,OZECAR,OZECAR,9.165896712,41.389000594
FRS37PELOBFB2N,17.0,17.0,Modulo,Modulo Energies,0.582874,47.053437
FRS77P77060001,24.0,92.39999999999999,Bouygues E&S,Ecocharge77,2.430137,48.28693
FRS55PH6QI7RKD,17.0,68.0,Modulo,Modulo Energies,5.167409,48.768588
FRLIBP60800235,22.0,176.0,Eoliberty,Eoliberty,2.898113,49.2235
FRS28PVWJVI210,22.0,22.0,Modulo,Modulo Energies,0.991151,48.31192
FRS37PJZ6X9GWH,17.0,34.0,Modulo,Modulo Energies,0.547499,47.547449
FRS41PQFUQWTQB,22.0,39.0,Modulo,Modulo Energies,0.896907,47.982211
FRS88P8YODXYHJ,25.0,47.0,Modulo,Modulo Energies,6.448257,48.169441
FRS37P7PMSTOHM,17.0,34.0,Modulo,Modulo Energies,0.556317,47.383873
FRS51P0I9CHTPV,17.0,34.0,Modulo,Modulo Energies,4.730889,48.691364
FROZEP25302494,22.0,22.0,OZECAR,OZECAR,9.4369025,42.6173191
FRS28PKDPHVNQH,17.0,34.0,Modulo,Modulo Energies,1.355194,48.720645
FRFASP50868,400.0,2800.0,Fastned France,Fastned France,2.634058,48.560492
FRS28P7ADZO0YR,17.0,17.0,Modulo,Modulo Energies,1.494161,48.343955
FRS28PETFHFJOK,17.0,17.0,Modulo,Modulo Energies,1.679155,48.605856
FRS77P77483001,22.8,45.6,Bouygues E&S,Ecocharge77,2.924843,49.002518
FRS88PDDHPV2AH,25.0,47.0,Modulo,Modulo Energies,6.88182,48.0713
FRS37PLQHCPVWD,17.0,34.0,Modulo,Modulo Energies,0.787445,47.141172
FROZEP26670304,22.0,176.0,OZECAR,OZECAR,8.9233124,42.6282833
FRS28PMPEFW80U,17.0,17.0,Modulo,Modulo Energies,1.242347,48.58155
FRS55PGYVWG2SI,22.0,44.0,Modulo,Modulo Energies,5.302759,48.70144
FRFASP50815,300.0,4800.0,Fastned France,Fastned France,2.552983,49.071747
FRS37PHX4OXQKJ,17.0,34.0,Modulo,Modulo Energies,0.729634,47.111991
FROZEP26793048,7.4,14.8,OZECAR,OZECAR,9.264623,41.9260883
FRS41PUADLZ2SZ,22.0,44.0,Modulo,Modulo Energies,0.862056,47.752657
FRS41PNMN0GZBI,17.0,34.0,Modulo,Modulo Energies,1.333499,47.58445
FRS08P0ZEOJU78,17.0,34.0,Modulo,Modulo Energies,4.04481,49.428454
FRS41PUI4AIHNM,22.0,44.0,Modulo,Modulo Energies,1.344566,47.602342
FRS51PLG9BB6IZ,17.0,34.0,Modulo,Modulo Energies,4.404936,48.917944
FRS77P77272001,100.0,245.60000000000002,Bouygues E&S,Ecocharge77,3.1557051,48.5595831
FRS37PFX8CG98C,17.0,17.0,Modulo,Modulo Energies,0.918775,47.330537
FRLIBP022007053,50.0,72.0,Eoliberty,Eoliberty,3.330256,49.37053
FRS55PCDDSTMGI,17.0,34.0,Modulo,Modulo Energies,5.623041,48.690563
FRS77P77192002,24.0,46.8,Bouygues E&S,Ecocharge77,2.87067,48.70882
FRS51PP4PJ6XKC,22.0,44.0,Modulo,Modulo Energies,4.576576,48.72729
FRS77P77288007,22.8,45.6,Bouygues E&S,Ecocharge77,2.6788576,48.543662
FRFASP50682,300.0,1200.0,Fastned France,Fastned France,2.57393,48.360859
FRS55PDNKBHCFX,17.0,34.0,Modulo,Modulo Energies,5.591824,48.758457
FRS88PSCDCHXYK,25.0,47.0,Modulo,Modulo Energies,6.78891,47.8752
FRS28PPK7RGK4N,17.0,17.0,Modulo,Modulo Energies,1.48426,48.24397
FRFASP50605,300.0,1200.0,Fastned France,Fastned France,2.9315,48.4286
FROZEP25302490,22.0,44.0,OZECAR,OZECAR,9.3905775,41.9276419
FRS77P77398001,22.8,45.6,Bouygues E&S,Ecocharge77,3.29573,48.875221
FRS28PYBWASVZ9,17.0,34.0,Modulo,Modulo Energies,1.760127,48.462029
FRS77P77451001,22.8,45.6,Bouygues E&S,Ecocharge77,3.068419,48.92791
FRLIBP545409825,22.0,44.0,Eoliberty,Eoliberty,6.889904,48.49825
FRFASP50809,300.0,1200.0,Fastned France,Fastned France,4.788939,49.072318
FRS08POEYYJMXT,24.0,46.0,Modulo,Modulo Energies,5.264165,49.584589
FRLIBP187009742,50.0,72.0,Eoliberty,Eoliberty,2.440547,47.49742
FRFASP50938,400.0,3200.0,Fastned France,Fastned France,2.001091,49.060089
FRS41PEXVX36LC,17.0,34.0,Modulo,Modulo Energies,1.482925,47.350599
FROZEP22V20352,22.0,44.0,OZECAR,OZECAR,9.2790095,41.6074025
FRS37PXLSW3NVY,17.0,34.0,Modulo,Modulo Energies,0.96966,47.045349
FRS28PSHWXHZIF,17.0,17.0,Modulo,Modulo Energies,1.624898,48.271745
FRS08P46460,17.0,17.0,Modulo,Modulo Energies,4.2676,49.4177
FRS28PJGNOOV9X,17.0,17.0,Modulo,Modulo Energies,1.189542,48.208833
FRS28PGI0MIH2Y,17.0,17.0,Modulo,Modulo Energies,1.884251,48.200212
FRS41PYFVORXEX,17.0,34.0,Modulo,Modulo Energies,1.828502,47.282663
FRS77P77040001,22.8,45.6,Bouygues E&S,Ecocharge77,2.570593,48.525444
FRS28PZ9ZBDASB,17.0,17.0,Modulo,Modulo Energies,0.9805,48.138462
FRS37P4M6VDSS2,17.0,34.0,Modulo,Modulo Energies,0.995569,47.328019
FRS41PJOZ108DN,17.0,34.0,Modulo,Modulo Energies,1.369809,47.567044
FROZEP010243,7.4,7.4,OZECAR,OZECAR,8.85174,41.5404155
FROZEP221C1652,22.0,22.0,OZECAR,OZECAR,9.4376997,42.6286108
FRS88PPE462DMA,25.0,47.0,Modulo,Modulo Energies,5.78046,48.0684
FRS77P77478001,22.8,45.6,Bouygues E&S,Ecocharge77,3.070872,48.955073
FRS55PW8U0N5KP,17.0,34.0,Modulo,Modulo Energies,5.636671,49.213447
FRS37PZTOS9L4P,17.0,34.0,Modulo,Modulo Energies,1.022353,47.414657
FRLIBP802908040,22.0,44.0,Eoliberty,Eoliberty,1.760279,49.7804
FRS51PJNCSY5OC,17.0,34.0,Modulo,Modulo Energies,4.889667,48.946919
FRWA2SE33004,20.0,20.0,Fastned France,Fastned France,4.156034,45.679959
FRS77P77276001,22.8,45.6,Bouygues E&S,Ecocharge77,2.859685,48.926731
FRS77P77326001,22.8,45.6,Bouygues E&S,Ecocharge77,2.565315,48.580364
FRS77P77531001,22.8,45.6,Bouygues E&S,Ecocharge77,2.969121,48.282539
FRS37P221332,17.0,17.0,Modulo,Modulo Energies,1.111411,47.281329
FROZEP26429968,22.0,22.0,OZECAR,OZECAR,8.7587532,42.5576881
FRS41PX1HI9I2C,17.0,34.0,Modulo,Modulo Energies,2.150983,47.514688
FRS41PTKZPXLJN,17.0,34.0,Modulo,Modulo Energies,0.863548,48.035847
FRS08PKOLFV8RH,50.0,67.0,Modulo,Modulo Energies,4.821632,50.135799
FRS77P77194001,22.8,45.6,Bouygues E&S,Ecocharge77,2.961401,48.418995
FRS51P5QHJAUUE,17.0,34.0,Modulo,Modulo Energies,3.80268,49.182375
FRS77P77445001,22.8,45.6,Bouygues E&S,Ecocharge77,2.582113,48.596577
FRS28P141733,17.0,17.0,Modulo,Modulo Energies,1.742543,48.082374
FRS55PFFNXFNK2,17.0,68.0,Modulo,Modulo Energies,5.269623,48.977679
FRS28P3RGLH5EP,17.0,17.0,Modulo,Modulo Energies,1.481391,48.443547
FRS28PKAB78BZ2,17.0,17.0,Modulo,Modulo Energies,1.376063,48.741384
FRS51POZ5MCOVW,17.0,34.0,Modulo,Modulo Energies,4.120891,49.290951
FRS77P77175001,24.0,46.8,Bouygues E&S,Ecocharge77,2.62106068517595,48.66705812787814
FRS88PKMTW6JBK,25.0,47.0,Modulo,Modulo Energies,6.867606,48.069902
FRS37PDK18RAIH,17.0,34.0,Modulo,Modulo Energies,1.101591,47.05776
FRFASP50560,300.0,2400.0,Fastned France,Fastned France,6.728741,47.440536
FRS37P4ERO7Q5Z,17.0,34.0,Modulo,Modulo Energies,0.909736,47.355949
FRS37P41LNDA9S,17.0,34.0,Modulo,Modulo Energies,0.390003,47.635688
FRS41PKFY2FLHV,17.0,34.0,Modulo,Modulo Energies,1.560186,47.685381
FRS77P77101001,22.8,45.6,Bouygues E&S,Ecocharge77,3.096748,48.419575
FRS37P220302,17.0,17.0,Modulo,Modulo Energies,0.649559,47.659527
FRS37P163850,17.0,17.0,Modulo,Modulo Energies,0.777079,47.363938
FRS37PGGNLXOD1,17.0,34.0,Modulo,Modulo Energies,0.477806,47.103448
FRS77P77357001,22.8,45.6,Bouygues E&S,Ecocharge77,3.079428,48.656075
FRFASP50983,400.0,3200.0,Fastned France,Fastned France,2.82606,50.548575
FRS77P77226001,22.8,45.6,Bouygues E&S,Ecocharge77,2.765274,48.448474
FRS88P1AKTKSOW,25.0,47.0,Modulo,Modulo Energies,6.978697,48.26783
FROZEP25302493,22.0,22.0,OZECAR,OZECAR,8.7583108,42.5582515
FRS51PLUETKZIZ,50.0,72.0,Modulo,Modulo Energies,4.581681,48.728361
FRS77P77152001,22.8,45.6,Bouygues E&S,Ecocharge77,2.635144,48.515441
FRS37PTBSRRUYD,17.0,34.0,Modulo,Modulo Energies,0.171081,47.211405
FRZUNP5532650011359807140,400.0,3200.0,Zunder,Zunder,5.25525988,48.66173656
FRS77P77352001,22.8,45.6,Bouygues E&S,Ecocharge77,2.772659,48.660645
FRS77P77300001,22.8,45.6,Bouygues E&S,Ecocharge77,2.985625,48.941795
FRS51PXG7ORVKE,17.0,34.0,Modulo,Modulo Energies,4.625279,48.716747
FRS28PIBGJNP09,17.0,17.0,Modulo,Modulo Energies,1.381954,48.840804
FRFASP50940,400.0,1600.0,Fastned France,Fastned France,2.615517,46.38279
FRFASP50814,300.0,4800.0,Fastned France,Fastned France,2.551434,49.073179
FRS37P68138,11.0,11.0,Modulo,Modulo Energies,0.670825,47.431241
FRS55PQOYL6RVP,17.0,34.0,Modulo,Modulo Energies,5.172886,48.781097
FRLIBP517009084,50.0,72.0,Eoliberty,Eoliberty,3.763156,49.09084
FRS08PCSGH4TQ8,24.0,46.0,Modulo,Modulo Energies,4.626666,49.890051
FRFASP50933,400.0,3200.0,Fastned France,Fastned France,-2.129024,47.930015
FRFASP50833,300.0,2400.0,Fastned France,Fastned France,3.063073,48.970463
FRZUNP1033350085456298930,400.0,1600.0,Zunder,Zunder,4.05340229,48.26970887
FRFASP50865,300.0,2400.0,Fastned France,Fastned France,2.351174,48.622717
FROZEP26670298,22.0,44.0,OZECAR,OZECAR,9.4048518,42.0162267
FRS28PGP6V62UT,22.0,44.0,Modulo,Modulo Energies,1.674677,48.610027
FRS77P77019001,22.8,45.6,Bouygues E&S,Ecocharge77,3.146731,48.398796
FRS55PR0TR7YTD,17.0,34.0,Modulo,Modulo Energies,5.114099,48.937863
FRS08PTWCPXHMP,24.0,46.0,Modulo,Modulo Energies,4.539584,49.841842
FRS08PTF7KTAEP,24.0,46.0,Modulo,Modulo Energies,4.870171,49.339947
FRS37PGHBTCUXH,17.0,34.0,Modulo,Modulo Energies,0.814847,47.357802
FRS37PFQIQ0Y6F,17.0,34.0,Modulo,Modulo Energies,0.777857,47.585916
FRLIBP608002342,22.0,88.0,Eoliberty,Eoliberty,2.906283,49.22342
FRS77P77233001,22.8,45.6,Bouygues E&S,Ecocharge77,2.786925,48.999126
FRS37P56KJNQES,17.0,34.0,Modulo,Modulo Energies,0.750205,47.664597
FRN54PGDJQ3BVK,22.0,88.0,Modulo,Modulo Energies,6.228898,48.658472
FRS77P77284009,100.0,200.0,Bouygues E&S,Ecocharge77,2.877952,48.958791
FROZEPACE0057810,22.0,44.0,OZECAR,OZECAR,9.3506712,41.7029109
FROZEPZPR293277,22.0,22.0,OZECAR,OZECAR,9.277737,41.604515
FRS77P77173001,22.8,60.400000000000006,Bouygues E&S,Ecocharge77,2.9343931093918036,49.03183264226434
FRS37PPND5AD7S,17.0,34.0,Modulo,Modulo Energies,0.772253,47.387383
FRS37PLTB7N3RG,17.0,34.0,Modulo,Modulo Energies,0.421643,47.382828
FRLIBP941504349,22.0,44.0,Eoliberty,Eoliberty,2.351417,48.74349
FRS77P77336001,22.8,45.6,Bouygues E&S,Ecocharge77,2.830538,48.768833
FRS77P77316004,22.8,45.6,Bouygues E&S,Ecocharge77,2.790265244,48.3798541
FRS37PVRBSA9ET,17.0,34.0,Modulo,Modulo Energies,0.995564,47.319767
FRS77P77426001,22.8,45.6,Bouygues E&S,Ecocharge77,2.828953,48.578262
FRS28PRDFHQR2W,17.0,34.0,Modulo,Modulo Energies,1.058091,48.503769
FRS77P77123001,22.8,45.6,Bouygues E&S,Ecocharge77,2.664208,48.993346
FRS37P3FNNFRAW,17.0,34.0,Modulo,Modulo Energies,1.103112,47.228849
FRS41PUTE2DZT3,17.0,34.0,Modulo,Modulo Energies,1.334115,47.589412
FRFASP50812,300.0,1200.0,Fastned France,Fastned France,6.166899,45.998903
FRS41P4492,17.0,17.0,Modulo,Modulo Energies,2.023062,47.593796
FRS37PZGSLYKQ7,17.0,34.0,Modulo,Modulo Energies,0.621325,47.407662
FRS88P0P1WRSYR,25.0,47.0,Modulo,Modulo Energies,6.43273,48.1786
FRS88PNKSBNZ3L,25.0,47.0,Modulo,Modulo Energies,6.450806,48.159733
FRS28PXW0GENEJ,17.0,17.0,Modulo,Modulo Energies,1.762427,48.506516
FRS37P221323,17.0,17.0,Modulo,Modulo Energies,1.060857,47.260997
FRS88PE4V4EUOL,24.0,46.0,Modulo,Modulo Energies,5.921854,48.309958
FRS77P77219001,22.8,45.6,Bouygues E&S,Ecocharge77,2.957987,48.822292
FRZUNP6746237616245941985,400.0,6555.099999999999,Zunder,Zunder,-0.852195,44.361374
FRS77P77118002,24.0,46.8,Bouygues E&S,Ecocharge77,2.687466,48.94600053
FRS77P77410001,22.8,45.6,Bouygues E&S,Ecocharge77,2.708959,48.58168
FRS37PI12IGFL2,17.0,34.0,Modulo,Modulo Energies,0.323531,47.017299
FRFASP50867,400.0,3200.0,Fastned France,Fastned France,2.320564,48.930868
FRS37PPRT9KPRG,17.0,34.0,Modulo,Modulo Energies,1.032124,47.540698
FROZEPDE0040B1GP4C00087P,47.0,94.0,OZECAR,SAS OZECAR,9.399962,41.8571995
FROZEP24354366,22.0,44.0,OZECAR,OZECAR,9.27536627,41.601149759
FRS37PQEHGHPZE,17.0,17.0,Modulo,Modulo Energies,0.439158,47.097181
FRS77P77212001,22.8,45.6,Bouygues E&S,Ecocharge77,3.120485,48.398468
FRS28P3YTV8B4C,17.0,17.0,Modulo,Modulo Energies,1.679122,48.607859
FRS37PMGHZK9U7,17.0,34.0,Modulo,Modulo Energies,0.252231,47.163506
FROZEPZPR304708,22.0,22.0,OZECAR,OZECAR,9.165896712,41.389000594
FRS55P2OGGYMVB,17.0,34.0,Modulo,Modulo Energies,5.388646,49.161975
FRS37PMRR00CGR,22.0,44.0,Modulo,Modulo Energies,0.670825,47.431241
FRLIBP712708355,50.0,72.0,Eoliberty,Eoliberty,5.247554,46.88355
FRS28PVU8EBNN2,17.0,17.0,Modulo,Modulo Energies,1.052668,48.14336
FRS37PFZVINBKQ,17.0,34.0,Modulo,Modulo Energies,1.026299,46.968583
FRS55PPZULVEAL,17.0,34.0,Modulo,Modulo Energies,5.39074,49.160318
FRS08PGDEGQFNZ,17.0,34.0,Modulo,Modulo Energies,5.1669,49.6304
FRS28PQF3TR3EB,17.0,17.0,Modulo,Modulo Energies,1.165894,48.21094
FRS77P77005001,22.8,45.6,Bouygues E&S,Ecocharge77,2.718575,48.924843
FRS28PXSKTHMXU,17.0,17.0,Modulo,Modulo Energies,1.470224,48.040627
FRS77P77393002,24.0,46.8,Bouygues E&S,Ecocharge77,2.963885,48.680966
FRS77P77118004,24.0,46.8,Bouygues E&S,Ecocharge77,2.6831629,48.9448571
FRS77P77363001,22.8,45.6,Bouygues E&S,Ecocharge77,2.6311901501966806,48.917186375294236
FRS77P77288003,24.0,46.8,Bouygues E&S,Ecocharge77,2.66173,48.53669
FRS37PZLJYXTQK,17.0,34.0,Modulo,Modulo Energies,0.968669,47.422511
FRS37P9ZBG8KFX,17.0,34.0,Modulo,Modulo Energies,1.092491,47.409826
FRS37PBN0CZKBD,17.0,34.0,Modulo,Modulo Energies,0.929216,46.854489
FRS88PRNFXVTOR,25.0,47.0,Modulo,Modulo Energies,6.45378,48.1829
FRS55PFFQ5HYEC,17.0,34.0,Modulo,Modulo Energies,5.167513,48.780168
FRS28PNIVXOSWC,17.0,17.0,Modulo,Modulo Energies,1.03217,48.560768
FRS51P8KGLA9XIZTI9,50.0,106.0,Modulo,Modulo Energies,4.363941,48.951828
FRS77P77501001,22.8,45.6,Bouygues E&S,Ecocharge77,2.848262,48.325367
FRS88PWD2JLDZM,25.0,47.0,Modulo,Modulo Energies,6.76674,47.8782
FRS77P77475004,24.0,46.8,Bouygues E&S,Ecocharge77,2.9472315,48.958157
FRS77P77483002,24.0,46.8,Bouygues E&S,Ecocharge77,2.925855,49.004922
FRS77P77184001,22.8,45.6,Bouygues E&S,Ecocharge77,2.922666,48.312195
FRS41PVUMTCYFL,17.0,34.0,Modulo,Modulo Energies,0.861458,47.751579
FRS37PKF3EXACC,17.0,34.0,Modulo,Modulo Energies,0.887021,47.544667
FRS77P77118007,24.0,46.8,Bouygues E&S,Ecocharge77,2.6873193870379457,48.94753430304593
FRS77P77309001,22.8,45.6,Bouygues E&S,Ecocharge77,2.828918,49.00922
FRS37PO5FU1LGN,17.0,34.0,Modulo,Modulo Energies,0.735517,47.288104
FRS41PONTKTTZ1,17.0,34.0,Modulo,Modulo Energies,1.806087,47.533105
FRS77P77131007,24.0,46.8,Bouygues E&S,Ecocharge77,3.07926798007829,48.8056633011156
FRS28P5ZQ8PHBU,17.0,17.0,Modulo,Modulo Energies,1.45819,48.417249
FRS77P77022001,22.8,45.6,Bouygues E&S,Ecocharge77,2.603382,48.44495
FRS37PEPT1FUJD,17.0,34.0,Modulo,Modulo Energies,0.654251,47.35397
FRLIBP92000940,11.0,88.0,Eoliberty,Eoliberty,2.175116,48.894
FROZEP26429987,22.0,66.0,OZECAR,OZECAR,9.2658148,41.5394326
FRS28PXRQPCFLT,17.0,17.0,Modulo,Modulo Energies,1.48852,48.45289
FRS55PRD9IZGFK,17.0,34.0,Modulo,Modulo Energies,5.284357,49.285869
FRS28PUQ1P1V6S,17.0,17.0,Modulo,Modulo Energies,1.567431,48.591197
FROZEPOZELESDUNES1,7.4,7.4,OZECAR,OZECAR,8.8565502,41.5370375
FROZEP23125828,22.0,22.0,OZECAR,OZECAR,9.2243686,41.4186084
FRS41PXAMECLUF,17.0,34.0,Modulo,Modulo Energies,1.057401,47.806584
FRS77P77142001,22.8,45.6,Bouygues E&S,Ecocharge77,2.906715,48.858112
FRS41POTGQMABC,22.0,44.0,Modulo,Modulo Energies,2.023062,47.593796
FRN54PYS2OPZWN,22.0,44.0,Modulo,Modulo Energies,6.23585,48.6512
FRS37PT1MKEO96,17.0,34.0,Modulo,Modulo Energies,0.908562,47.509959
FRS77P77270001,22.8,45.6,Bouygues E&S,Ecocharge77,2.991441,48.862556
FRS77P77301001,22.8,45.6,Bouygues E&S,Ecocharge77,3.438183,48.694653
FRS41P4441,17.0,17.0,Modulo,Modulo Energies,1.42975,47.421438
FRS77P77131002,22.8,45.6,Bouygues E&S,Ecocharge77,3.0823624,48.815077
FROZEP26429975,22.0,44.0,OZECAR,OZECAR,9.3635925,41.9871613
FRS37P221409,17.0,17.0,Modulo,Modulo Energies,1.111411,47.281329
FROZEP23125800,22.0,44.0,OZECAR,OZECAR,9.3983209,41.7708968
FRN54P0IZQWRFX,22.0,44.0,Modulo,Modulo Energies,6.22542,48.680789
FRS88PY1MG2A2B,22.0,44.0,Modulo,Modulo Energies,6.87392,48.0687
FRS77P77222001,22.8,45.6,Bouygues E&S,Ecocharge77,2.798235,48.637143
FRLIBP581308927,50.0,72.0,Eoliberty,Eoliberty,3.196497,47.08927
FRS28P5QKW41C9NXQR,17.0,34.0,Modulo,Modulo Energies,0.897211,48.194746
FRS37P99FA8T4Z,17.0,34.0,Modulo,Modulo Energies,0.987296,47.537646
FRLIBP691206421,22.0,132.0,Eoliberty,Eoliberty,4.933946,45.76421
FRS77P77443001,22.8,45.6,Bouygues E&S,Ecocharge77,2.961653,48.885735
FRS37P6JSVXYU8,17.0,34.0,Modulo,Modulo Energies,0.17223,47.28482
FROZEPA01B23464020059,22.0,22.0,OZECAR,OZECAR,5.352732,43.4142338
FRS28P1FPOBDAH,17.0,17.0,Modulo,Modulo Energies,1.689164,48.522625
FRS55PDLGLHGJI,17.0,34.0,Modulo,Modulo Energies,5.185284,49.381609
FRS88PK9NOGDQV,25.0,47.0,Modulo,Modulo Energies,6.445382,48.180326
FRS77P77519001,22.8,45.6,Bouygues E&S,Ecocharge77,3.406241,48.649963
FRS37PZQTAVHZ8,17.0,34.0,Modulo,Modulo Energies,0.79907,47.411102
FRS88PVOXMFI6Z,25.0,47.0,Modulo,Modulo Energies,5.834738,48.302818
FRS77E77317001,22.0,44.0,Bouygues E&S,Ecocharge77,2.8905,48.6065
FRLIBP604406165,22.0,44.0,Eoliberty,Eoliberty,2.847114,49.16165
FRS37PQ2WS9HE8,17.0,34.0,Modulo,Modulo Energies,0.791498,47.087225
FRS37PCXLRZG7B,17.0,34.0,Modulo,Modulo Energies,0.803354,46.920234
FRS37PZQLPNE0G,17.0,34.0,Modulo,Modulo Energies,0.445229,47.451327
FRS41P4885,17.0,17.0,Modulo,Modulo Energies,1.25007,47.52429
FRS77P77107001,22.8,45.6,Bouygues E&S,Ecocharge77,2.841548,48.664284
FRS41P5000,17.0,17.0,Modulo,Modulo Energies,1.400757,47.276675
FRS41PKW1FIHAS,17.0,34.0,Modulo,Modulo Energies,1.425003,47.418349
FRS77P77311001,22.8,45.6,Bouygues E&S,Ecocharge77,3.060808,48.452545
FRS51PKH5Z9RNS,17.0,34.0,Modulo,Modulo Energies,4.041287,49.242168
FRS51PIKDV2UQZ,17.0,34.0,Modulo,Modulo Energies,4.884297,49.188751
FRS77P77404002,22.8,45.6,Bouygues E&S,Ecocharge77,3.256269,48.529948
FRS55P24TMJES6,17.0,34.0,Modulo,Modulo Energies,5.540494,48.892528
FRS41PIZE2DVCE,17.0,34.0,Modulo,Modulo Energies,1.339852,47.583802
FRS37PBUYKMUFU,17.0,34.0,Modulo,Modulo Energies,0.453337,47.022985
FRS77P77279001,22.8,45.6,Bouygues E&S,Ecocharge77,3.034994,48.38625
FRS28PCTEY9BUL,17.0,17.0,Modulo,Modulo Energies,1.69377,48.32822
FRS37PIV8FVFER,17.0,17.0,Modulo,Modulo Energies,0.345898,47.158301
FRS37PQGWP42BI,17.0,34.0,Modulo,Modulo Energies,0.862228,46.871138
FRLIBP548409156,50.0,72.0,Eoliberty,Eoliberty,5.974107,48.69156
FRS77P77131001,22.8,45.6,Bouygues E&S,Ecocharge77,3.085838,48.81382
FRS88PW5VOQZYH,25.0,47.0,Modulo,Modulo Energies,6.447394,48.177233
FRS88P9XUXN1YO,25.0,47.0,Modulo,Modulo Energies,6.871981,48.072181
FRS77P77344002,22.8,45.6,Bouygues E&S,Ecocharge77,2.81822523479115,49.0699262191316
FRS77P77131003,22.8,91.2,Bouygues E&S,Ecocharge77,3.0876685,48.8119668
FRLIBP028809871,50.0,72.0,Eoliberty,Eoliberty,3.355752,49.39871
FRS41PCVTRCSJS,17.0,34.0,Modulo,Modulo Energies,1.070766,47.803382
FRS37PPQHUBWZG,17.0,34.0,Modulo,Modulo Energies,0.27542,47.112003
FRS41PPHRZOW0I,17.0,68.0,Modulo,Modulo Energies,0.809068,47.880445
FRS37PCD4OWWXY,17.0,34.0,Modulo,Modulo Energies,0.890957,47.421157
FRFASP50558,300.0,2400.0,Fastned France,Fastned France,5.001847,47.216809
FROZEPZPR292620,22.0,22.0,OZECAR,OZECAR,5.361922,43.547749
FRS37P221330,17.0,17.0,Modulo,Modulo Energies,1.114696,47.280285
FRS77P77046001,22.8,45.6,Bouygues E&S,Ecocharge77,2.435735,48.257244
FRS28PO5JE5VED,22.0,22.0,Modulo,Modulo Energies,0.821276,48.321282
FRS77P77032001,22.8,45.6,Bouygues E&S,Ecocharge77,3.244617,48.702133
FROZEP26793068,22.0,22.0,OZECAR,SAS OZECAR,9.399962,41.8571995
FRS51POLZAZCLJ,17.0,34.0,Modulo,Modulo Energies,4.162963,49.146104
FROZEP26793056,22.0,44.0,OZECAR,OZECAR,9.456807,42.004531
FRS37P10693,17.0,17.0,Modulo,Modulo Energies,0.677547,47.363736
FRS37PETOZA04D,17.0,34.0,Modulo,Modulo Energies,0.711079,47.455984
FRS37P9EFUN4BL,17.0,34.0,Modulo,Modulo Energies,0.395723,47.033863
FRS55PQ7PX8AQE,17.0,34.0,Modulo,Modulo Energies,5.071757,49.105212
FRS77P77273001,22.8,45.6,Bouygues E&S,Ecocharge77,2.771959,49.049637
FRS41PT13QFFSQ,17.0,34.0,Modulo,Modulo Energies,1.865448,47.268447
FRS37PUN8XWKTV,50.0,144.0,Modulo,Modulo Energies,0.59565,47.555778
FRS77P77037001,22.8,45.6,Bouygues E&S,Ecocharge77,2.683269,48.478935
FRS28PPKKCEQ6X,17.0,17.0,Modulo,Modulo Energies,1.482988,48.449832
FROZEPZPR304590,22.0,22.0,OZECAR,OZECAR,5.361922,43.547749
FRS37POUXIE87Q,17.0,34.0,Modulo,Modulo Energies,0.393635,47.000031
FRS28PYCGV64Q4,17.0,17.0,Modulo,Modulo Energies,0.901331,48.611702
FRS55PINYPFBIB,17.0,68.0,Modulo,Modulo Energies,5.586529,48.764309
FRS41POVBMTAWS,22.0,44.0,Modulo,Modulo Energies,1.400757,47.276675
FRS37PZGB8A8SD,17.0,34.0,Modulo,Modulo Energies,0.417,47.297864
FRS37PH0FMZNYZ,17.0,34.0,Modulo,Modulo Energies,0.616451,47.111292
FRS77P77266001,22.8,45.6,Bouygues E&S,Ecocharge77,2.829,48.455761
FRS28PMLYZWTH6,22.0,39.0,Modulo,Modulo Energies,1.135338,48.079532
FRS08PHQ7UCQFT,24.0,46.0,Modulo,Modulo Energies,4.763445,49.513165
FRS28PUKVRVH6T,17.0,17.0,Modulo,Modulo Energies,1.709964,48.435547
FRS28PBQMRD4PH,17.0,17.0,Modulo,Modulo Energies,1.394261,48.718342
FRS37PPKUN532Z,17.0,34.0,Modulo,Modulo Energies,0.40336,47.049277
FRS37PBZFTAKT1,17.0,34.0,Modulo,Modulo Energies,1.081512,47.027437
FRLIBP692001597,300.0,1966.0,Eoliberty,Eoliberty,4.862897,45.71597
FRS37PZD4CXGXL,17.0,34.0,Modulo,Modulo Energies,1.190003,47.261202
FRS28PVIOB1MUD,17.0,17.0,Modulo,Modulo Energies,1.599511,48.412901
FRS37PJ3ZJ51DI,17.0,34.0,Modulo,Modulo Energies,0.717262,47.289423
FRS88PF8GQD6D9,25.0,47.0,Modulo,Modulo Energies,6.45495,48.1494
FRS37PK0J2HAX3,17.0,17.0,Modulo,Modulo Energies,0.439384,47.363263
FRS37PGGNG3XP6,17.0,34.0,Modulo,Modulo Energies,0.91056,47.51268
FROZEP26793069,22.0,44.0,OZECAR,OZECAR,8.8722242,41.6962997
FRS77P77338001,22.8,45.6,Bouygues E&S,Ecocharge77,2.928877,48.335297
FRS77P77045001,22.8,45.6,Bouygues E&S,Ecocharge77,2.657576,48.195572
FRS51PIYGYFOUS,17.0,34.0,Modulo,Modulo Energies,4.912567,48.783972
FRS88P5XETMT7W,24.0,41.0,Modulo,Modulo Energies,6.77295,47.948
FRS37P220437,17.0,17.0,Modulo,Modulo Energies,0.649559,47.659527
FRS37PTEPER5KJ,17.0,34.0,Modulo,Modulo Energies,0.768273,47.395589
FRS41PFI001LYYWJG2NI,22.0,44.0,Modulo,Modulo Energies,1.749503,47.346664
FRFASP50603,300.0,2400.0,Fastned France,Fastned France,4.844517,46.69318
FRS28PA9HIVYK4,17.0,17.0,Modulo,Modulo Energies,1.184395,48.115521
FRS41P4884,17.0,17.0,Modulo,Modulo Energies,1.25007,47.52429
FRS51PKTXHRINX,22.0,44.0,Modulo,Modulo Energies,4.03755,49.224981
FROZEPZPR304872,22.0,22.0,OZECAR,OZECAR,5.5792295,43.2541069
FRS77P77282001,22.8,45.6,Bouygues E&S,Ecocharge77,2.581679,49.03389
FRS51PC31LJWIS,17.0,34.0,Modulo,Modulo Energies,3.910292,49.250571
FRS77P77475002,24.0,46.8,Bouygues E&S,Ecocharge77,2.9472315,48.958157
FRS77P77316002,22.8,45.6,Bouygues E&S,Ecocharge77,2.81331339,48.3730084
FROZEP26793052,22.0,66.0,OZECAR,OZECAR,9.2696703,41.6005831
FRS28PPAD4VL4L,17.0,17.0,Modulo,Modulo Energies,1.414958,48.737629
FRS77P77178001,22.8,45.6,Bouygues E&S,Ecocharge77,2.674363,48.230656
FRS37PH22KLFBD,17.0,34.0,Modulo,Modulo Energies,0.871083,46.785818
FRS37PPBP2XOZM,17.0,34.0,Modulo,Modulo Energies,0.781369,47.28464
FROZEP26429966,7.4,7.4,OZECAR,OZECAR,9.2650683,41.591346
FRS28PKMZLTZFR,17.0,17.0,Modulo,Modulo Energies,1.240247,48.449564
FRS51PGP709TDL,17.0,34.0,Modulo,Modulo Energies,3.981914,49.26254
FRLIBP606008187,50.0,116.0,Eoliberty,Eoliberty,2.400415,49.38187
FRS77P77389001,22.8,45.6,Bouygues E&S,Ecocharge77,2.660926,48.521801
FRS41PZ0G2YSND,17.0,34.0,Modulo,Modulo Energies,1.455906,47.512561
FRS08PCZGDD1XC,24.0,46.0,Modulo,Modulo Energies,4.279186,49.903185
FRS37PPV3J9HSI,17.0,34.0,Modulo,Modulo Energies,0.170022,47.211736
FRS28PCFXJB62X,17.0,17.0,Modulo,Modulo Energies,1.682819,48.146012
FRN54P3OXWKJYG,22.0,44.0,Modulo,Modulo Energies,6.252347,48.70712
FRS77P77123003,24.0,46.8,Bouygues E&S,Ecocharge77,2.6622062737432386,48.994418706831496
FRS28P6DBPPSFJ,17.0,34.0,Modulo,Modulo Energies,1.440394,48.857906
FRLIBP521003089,50.0,72.0,Eoliberty,Eoliberty,4.932906,48.63089
FRS77P77363002,24.0,46.8,Bouygues E&S,Ecocharge77,2.6314777129115705,48.91535409762626
FRS37PMP0UKCRU,17.0,34.0,Modulo,Modulo Energies,0.608911,47.469991
FRS77P77073001,22.8,45.6,Bouygues E&S,Ecocharge77,3.314407,48.529079
FROZEPZPR304512,22.0,22.0,OZECAR,OZECAR,9.165896712,41.389000594
FRS28PPBWVYIQW,22.0,44.0,Modulo,Modulo Energies,1.15479,48.536616
FROZEPACE0057809,22.0,44.0,OZECAR,OZECAR,9.3869359,41.8654846
FRS28PGNLRVAGF,17.0,17.0,Modulo,Modulo Energies,1.514194,48.095883
FRS37PBYLCG31U,17.0,34.0,Modulo,Modulo Energies,0.580119,47.223487
FRS77P77458001,22.8,45.6,Bouygues E&S,Ecocharge77,2.73093,48.18083
FRS37PHZWHZFP7,17.0,34.0,Modulo,Modulo Energies,0.528385,47.649096
FRS37PPPYWOFXE,17.0,17.0,Modulo,Modulo Energies,1.114696,47.280285
FRLIBP91220719,22.0,22.0,Eoliberty,Eoliberty,2.29719,48.618492
FRS77P77316003,22.8,45.6,Bouygues E&S,Ecocharge77,2.8160501,48.3746018
FRS41P3I90YDI8,17.0,34.0,Modulo,Modulo Energies,0.68782,47.75244
FRS37POMP7OVIB,17.0,34.0,Modulo,Modulo Energies,0.91896,46.921621
FRS41PES0XCZ8W,17.0,34.0,Modulo,Modulo Energies,1.388022,47.52473
FRS37PS0XEPBJB,17.0,34.0,Modulo,Modulo Energies,0.987123,47.426806
FRS77P77311002,100.0,222.8,Bouygues E&S,Ecocharge77,3.0619839944177745,48.4525472240235
FROZEPZPR293241,22.0,22.0,OZECAR,OZECAR,9.165896712,41.389000594
FRS08PBFUGP1TF,24.0,46.0,Modulo,Modulo Energies,4.806857,49.870549
FRS28PZ9XDMXC4,17.0,17.0,Modulo,Modulo Energies,1.064474,48.325104
FRFASP50805,300.0,2400.0,Fastned France,Fastned France,4.156034,45.679959
FRFASP50811,300.0,2400.0,Fastned France,Fastned France,5.630208,45.577663
FRS77P77517001,22.8,45.6,Bouygues E&S,Ecocharge77,2.672179,48.900551
FRS55PGTRUAIKA,17.0,34.0,Modulo,Modulo Energies,5.38719,49.167779
FROZEP22V20357,22.0,44.0,OZECAR,OZECAR,8.9330113,41.8798264
FRLIBP181004036,22.0,132.0,Eoliberty,Eoliberty,2.08895,47.24036
FRS77P77131006,100.0,222.8,Bouygues E&S,Ecocharge77,3.083135,48.809228
FRS77P77103001,22.8,45.6,Bouygues E&S,Ecocharge77,2.835017,48.529648
FRS51P8YCDSYFS,22.0,44.0,Modulo,Modulo Energies,4.587612,48.718468
FRS37PDBU5UCY5,50.0,144.0,Modulo,Modulo Energies,0.58761,47.108011
FRS37PQTR2WI4F,17.0,34.0,Modulo,Modulo Energies,0.612853,47.668504
FRS51PIKNARM8I,17.0,34.0,Modulo,Modulo Energies,4.774126,48.845738
FROZEP26793065,22.0,22.0,OZECAR,OZECAR,9.1575896,41.3973906
FRS77P77022002,24.0,93.6,Bouygues E&S,Ecocharge77,2.603382,48.44495
FRS37PXJZCBUZN,17.0,34.0,Modulo,Modulo Energies,0.549604,47.348606
FRS37PDRVY4WYS,17.0,34.0,Modulo,Modulo Energies,0.593735,47.602708
FRS28PNV3EKD4Q,17.0,17.0,Modulo,Modulo Energies,1.465216,48.417688
FRS37P1330,17.0,17.0,Modulo,Modulo Energies,0.735517,47.288104
FRS77P77033001,22.8,45.6,Bouygues E&S,Ecocharge77,3.24285,48.678036
FRS41PZJGOZ1MY,17.0,34.0,Modulo,Modulo Energies,1.762513,47.327701
FROZEPACE0057816,22.0,44.0,OZECAR,OZECAR,9.1562973,41.387721
FRS41P2QMUIEF2,17.0,34.0,Modulo,Modulo Energies,1.457308,47.59298
FRS37PWYPSZVIE,50.0,144.0,Modulo,Modulo Energies,0.984678,47.28643
FRS77P77165001,22.8,45.6,Bouygues E&S,Ecocharge77,2.860826,48.50412
FRS88PQNHUOLK6,18.0,35.0,Modulo,Modulo Energies,6.8991,48.2494
FRS88PKWFQHEYU,18.0,35.0,Modulo,Modulo Energies,6.67127,48.0259
FRS41PW3SHK2J0,17.0,34.0,Modulo,Modulo Energies,1.358596,47.566555
FRS77P77131004,22.8,45.6,Bouygues E&S,Ecocharge77,3.0939962681354234,48.820823057835575
FRS51P3BTGYLRI,17.0,34.0,Modulo,Modulo Energies,3.991429,49.251015
FRS37PKMIDEJO9,17.0,34.0,Modulo,Modulo Energies,0.473777,47.310706
FRS77P77269001,22.8,45.6,Bouygues E&S,Ecocharge77,2.700226,48.548374
FRS51PFHEM5XKX,17.0,34.0,Modulo,Modulo Energies,4.765788,48.554601
FROZEP26780970,7.4,44.4,OZECAR,OZECAR,9.1668923,41.3893427
FRS77P77051001,22.8,45.6,Bouygues E&S,Ecocharge77,3.237932,48.416935
FRS77P77303001,22.8,45.6,Bouygues E&S,Ecocharge77,3.427434,48.851772
FRS37PFS7R02GK,17.0,34.0,Modulo,Modulo Energies,0.126858,47.237775
FRLIBP372908513,50.0,72.0,Eoliberty,Eoliberty,0.881116,46.78513
FRS51P4BZEJK2Y,17.0,34.0,Modulo,Modulo Energies,4.484739,48.861906
FRS41PT8OEWH0J,17.0,34.0,Modulo,Modulo Energies,1.359058,47.608669
FRS28P130987,17.0,17.0,Modulo,Modulo Energies,0.991151,48.31192
FRS37PHWAUPZ8E,17.0,34.0,Modulo,Modulo Energies,0.825439,47.387523
FRN54PGQL8XJKH,22.0,78.0,Modulo,Modulo Energies,6.178591,48.666957
FRS41PEQICNI1D,17.0,34.0,Modulo,Modulo Energies,1.070017,47.793571
FRS77P77229001,22.8,45.6,Bouygues E&S,Ecocharge77,2.874503,48.75351
FRS77P77187001,22.8,45.6,Bouygues E&S,Ecocharge77,3.39162,48.41394
FRS41PTKBMIQN0,17.0,34.0,Modulo,Modulo Energies,1.744565,47.356158
FRS77P77131005,24.0,46.8,Bouygues E&S,Ecocharge77,3.0833947,48.8156889
FRS08PAFIEUNLQ,17.0,34.0,Modulo,Modulo Energies,4.365318,49.508675
FRS77P77244001,22.8,45.6,Bouygues E&S,Ecocharge77,2.59789,48.283298
FRS41POIIMPFSH,17.0,17.0,Modulo,Modulo Energies,1.239974,47.671469
FROZEP12229023410003,25.0,47.0,OZECAR,SAS Ozecar,8.9080282,42.0267949
FRS55PKJPBSDUN,17.0,34.0,Modulo,Modulo Energies,5.518475,48.901643
FRS77P77164001,22.8,45.6,Bouygues E&S,Ecocharge77,2.945185,48.463512
FRFASP51046,400.0,3200.0,Fastned France,Fastned France,6.109119,49.079617
FRS37PACLXLM6R,17.0,34.0,Modulo,Modulo Energies,0.840472,47.257095
FRFASP50822,300.0,2400.0,Fastned France,Fastned France,6.088926,48.856103
FRS37P244RAVQR,17.0,34.0,Modulo,Modulo Energies,0.916429,47.322885
FRLIBP891001393,22.0,132.0,Eoliberty,Eoliberty,3.274383,48.21393
FRS37PCZZOWPDK,17.0,34.0,Modulo,Modulo Energies,0.912729,47.595856
FRS37PMWBQEEAU,17.0,34.0,Modulo,Modulo Energies,0.976555,47.424187
FRS41PEOROBB4M,22.0,44.0,Modulo,Modulo Energies,1.583139,47.343718
FRS77P77316006,22.8,45.6,Bouygues E&S,Ecocharge77,2.7862159,48.334653
FRN54PNJBHXJVW,22.0,88.0,Modulo,Modulo Energies,6.19956,48.6931
FRS08PO7PT3TKR,24.0,46.0,Modulo,Modulo Energies,4.744732,49.858676
FRS28PSJPKO7QE,17.0,17.0,Modulo,Modulo Energies,1.244511,48.298942
FRS51PJHGN20IB,17.0,34.0,Modulo,Modulo Energies,4.384208,48.953695
FRS51P4PWI4YQV,17.0,34.0,Modulo,Modulo Energies,4.848956,48.769477
FRLIBP634608413,50.0,72.0,Eoliberty,Eoliberty,3.08669,45.98413
FROZEP25302495,22.0,44.0,OZECAR,OZECAR,9.3089177,42.3018128
FRN54PPUUX3JVI,22.0,44.0,Modulo,Modulo Energies,6.20983,48.6947
FRS28PGWKRJ9OW,17.0,17.0,Modulo,Modulo Energies,0.803709,48.321674
FRFASP50834,300.0,4800.0,Fastned France,Fastned France,6.1847,49.150483
FRS77P77486001,22.8,45.6,Bouygues E&S,Ecocharge77,3.080205,48.688385
FRS55PJ9IMRIFF,17.0,34.0,Modulo,Modulo Energies,5.701676,48.976424
FRS41PTRYHBOA3,22.0,44.0,Modulo,Modulo Energies,1.42975,47.421438
FRS77P77386001,22.8,45.6,Bouygues E&S,Ecocharge77,2.639528,48.346184
FRS37P3KI6B4H0,17.0,34.0,Modulo,Modulo Energies,0.299199,47.25316
FRFASP50984,400.0,2400.0,Fastned France,Fastned France,-4.463867,48.408327
FRS51PEUOEXPY4,17.0,34.0,Modulo,Modulo Energies,3.54109,48.871712
FRS77P77508001,22.8,45.6,Bouygues E&S,Ecocharge77,2.830368,48.813721
FRS88PXJAGXZEH,25.0,47.0,Modulo,Modulo Energies,6.45822,48.156
FRS77P77043001,22.8,45.6,Bouygues E&S,Ecocharge77,3.259898,48.895916
FRS77P77310001,22.8,45.6,Bouygues E&S,Ecocharge77,3.253999,48.383236
FRS37PWVDCPFRH,17.0,34.0,Modulo,Modulo Energies,0.266909,47.282613
FRS41PUWUL3SOC,17.0,34.0,Modulo,Modulo Energies,0.94663,48.063365
FRS08PB2U9CUMS,24.0,46.0,Modulo,Modulo Energies,4.454155,49.481342
FRS37PDWBSIAML,17.0,34.0,Modulo,Modulo Energies,0.88317,46.782642
FRS37P215808,17.0,17.0,Modulo,Modulo Energies,0.961663,46.831853
FRS28PIJ20L4QQ,17.0,17.0,Modulo,Modulo Energies,1.285056,48.20839
FRS37PWF3RPUBE,17.0,34.0,Modulo,Modulo Energies,0.125867,47.284496
FRS28PEUKLPMJK,17.0,17.0,Modulo,Modulo Energies,1.237583,48.005493
FRS41PCUCN6A88,17.0,34.0,Modulo,Modulo Energies,1.526321,47.911214
FRS37P221331,17.0,17.0,Modulo,Modulo Energies,1.114696,47.280285
FRS37P215618,17.0,17.0,Modulo,Modulo Energies,1.042205,47.056025
FRS77P77257001,22.8,45.6,Bouygues E&S,Ecocharge77,3.026891,49.025196
FRN54PPJJAWKOF,22.0,44.0,Modulo,Modulo Energies,6.186692,48.669613
FRS41PEPKVGWZH,17.0,34.0,Modulo,Modulo Energies,1.553632,47.273794
FROZEP26793064,22.0,22.0,OZECAR,OZECAR,9.4407964,42.5615877
FRS77P77037002,22.8,45.6,Bouygues E&S,Ecocharge77,2.69553,48.4699
FRS77P77384001,22.8,45.6,Bouygues E&S,Ecocharge77,2.62365,48.610615
FRS37PJFMNY6TT,17.0,34.0,Modulo,Modulo Energies,0.244926,47.164761
FRS55P0Z5K87QX,17.0,34.0,Modulo,Modulo Energies,5.366673,49.519625
FRS37PKUNQMJGD,17.0,34.0,Modulo,Modulo Energies,0.69318,47.256299
FRS41P34ZROIDD,17.0,34.0,Modulo,Modulo Energies,2.05053,47.42555
FRLIBP60440358,50.0,232.0,Eoliberty,Eoliberty,2.803191,49.1358
FRS28PHGR0ZZD8,17.0,17.0,Modulo,Modulo Energies,1.353508,48.418167
FRS77P77284005,22.8,45.6,Bouygues E&S,Ecocharge77,2.905077,48.950196
FROZEP9324080629103101050412A00,22.0,44.0,OZECAR,OZECAR,9.4333875,42.6378893
FRS88P1KMSGH2G,25.0,47.0,Modulo,Modulo Energies,5.948909,48.201378
FRZUNP195235985905172769,200.0,494.0,Zunder,Zunder,0.470145,47.650769
FRS55PZ0XP2BU2,22.0,88.0,Modulo,Modulo Energies,5.163343,48.785773
FRS77P77335001,22.8,45.6,Bouygues E&S,Ecocharge77,2.837548,48.973423
FRFASP50993,400.0,1600.0,Fastned France,Fastned France,4.099777,48.33042
FRS51PQHJSDDSY,17.0,34.0,Modulo,Modulo Energies,4.092707,49.21244
FRS37PKILD4LFX,17.0,34.0,Modulo,Modulo Energies,0.459164,47.123177
FRS28P6GAFGYKW,17.0,34.0,Modulo,Modulo Energies,1.760154,48.515332
FRLIBP637209511,50.0,72.0,Eoliberty,Eoliberty,3.212754,45.89511
FROZEP26793045,7.4,44.4,OZECAR,OZECAR,9.1713609,41.388498
FRS41P7EZI2WY6,17.0,34.0,Modulo,Modulo Energies,1.34025,47.588846
FRZUNP2001223164604952988,400.0,6555.1,Zunder,Zunder,-1.092778,43.937583
FRS77P77316005,22.8,45.6,Bouygues E&S,Ecocharge77,2.826122,48.359825
FRS88PCUZIHMQB,25.0,47.0,Modulo,Modulo Energies,6.458354,48.183993
FROZEP22V20358,22.0,44.0,OZECAR,OZECAR,8.6882254,41.9101983
FRS55PQFEO55HN,17.0,34.0,Modulo,Modulo Energies,5.757126,48.928281
FRS77P77047001,22.8,45.6,Bouygues E&S,Ecocharge77,2.906949,48.882027
FRS51PXMGK7MPZ,17.0,34.0,Modulo,Modulo Energies,4.009818,48.971941
FRS77P77512001,22.8,45.6,Bouygues E&S,Ecocharge77,3.343021,48.861053
FRLIBP912207192,22.0,22.0,Eoliberty,Eoliberty,2.297192,48.6184923
FRS77P77371002,24.0,46.8,Bouygues E&S,Ecocharge77,3.01482281219352,48.816512048955
FRS37P221224,17.0,17.0,Modulo,Modulo Energies,0.439384,47.363263
FRS51PNBQ9UD5G,17.0,34.0,Modulo,Modulo Energies,3.814318,48.58333
FROZEP26793049,22.0,88.0,OZECAR,OZECAR,8.8058186,42.5781837
FRN54PXRVMXQ9P,22.0,44.0,Modulo,Modulo Energies,6.22521,48.7025
FRS88P7YXNG6G1,24.0,46.0,Modulo,Modulo Energies,6.452407,48.173165
FRS77P77159001,22.8,45.6,Bouygues E&S,Ecocharge77,3.139536,48.476547
FRS41P7UMWEPQP,17.0,34.0,Modulo,Modulo Energies,1.0739,47.7913
FRS37P219842,17.0,17.0,Modulo,Modulo Energies,0.553296,47.016191
FRS41PM2E8VGTV,17.0,34.0,Modulo,Modulo Energies,1.208417,47.682055
FRS77P77196001,22.8,45.6,Bouygues E&S,Ecocharge77,2.744265,48.939857
FRS37PPMZJ7WRP,17.0,34.0,Modulo,Modulo Energies,0.648934,47.514614
FRS41PE9CAWDNY,17.0,34.0,Modulo,Modulo Energies,1.133889,47.336889
FROZEP25302491,22.0,44.0,OZECAR,OZECAR,8.9233238,42.4035395
FRS55PZXJMT9OT,17.0,34.0,Modulo,Modulo Energies,5.668772,48.602209
FRS28PSHK46BUY,17.0,17.0,Modulo,Modulo Energies,0.836236,48.333791
FRS77P77403001,22.8,45.6,Bouygues E&S,Ecocharge77,3.324744,48.566856
FRS88PTKIJYJA9,18.0,35.0,Modulo,Modulo Energies,5.96886,48.0297
FRS28PMWBONNCL,17.0,17.0,Modulo,Modulo Energies,1.012166,48.470684
FRS37PMZXLBCZQ,17.0,17.0,Modulo,Modulo Energies,1.096377,47.181837
FROZEPACE0057812,22.0,44.0,OZECAR,OZECAR,9.447495,41.9989769
FRS37PUP4USSR6,17.0,34.0,Modulo,Modulo Energies,0.222464,47.248199
FROZEPT124IT12421010,124.0,248.0,OZECAR,SAS Ozecar,9.276947275,41.604621609
FRS08PU6V7CSIT,24.0,46.0,Modulo,Modulo Energies,4.603013,49.838277
FRS77P77076001,22.8,45.6,Bouygues E&S,Ecocharge77,3.250729,48.482674
FRS77P77036001,22.8,45.6,Bouygues E&S,Ecocharge77,3.226534,48.684597
FRS51POQJZ9BZQ,22.0,44.0,Modulo,Modulo Energies,4.585671,48.725561
FRS37PIQ4XRFI5,17.0,34.0,Modulo,Modulo Energies,0.818924,47.378788
FRS37P3TBKXMXS,17.0,34.0,Modulo,Modulo Energies,1.059616,47.46822
FRS37PD4WWF1W9,17.0,17.0,Modulo,Modulo Energies,1.111411,47.281329
FRS41PEXQKXNE7,17.0,68.0,Modulo,Modulo Energies,1.18419,47.343958
FRLIBP633101675,50.0,72.0,Eoliberty,Eoliberty,3.348646,46.01675
FRS77P77322001,22.8,45.6,Bouygues E&S,Ecocharge77,2.603089,49.064533
FRS77P77153001,22.8,45.6,Bouygues E&S,Ecocharge77,2.684942,49.053848
FRS55PT6NXXE7V,17.0,34.0,Modulo,Modulo Energies,5.159707,48.776394
FRS51PIZ1MIWO6,17.0,34.0,Modulo,Modulo Energies,4.025412,49.264755
FRS51POXPGHA3M,17.0,34.0,Modulo,Modulo Energies,3.998884,49.217693
FRS77P77214001,22.8,45.6,Bouygues E&S,Ecocharge77,2.671611,48.965435
FRS41PXBZAHKMF,17.0,34.0,Modulo,Modulo Energies,1.740861,47.358186
FRS77P77088001,22.8,45.6,Bouygues E&S,Ecocharge77,2.568649,48.316978
FRS88P6GN7Z33H,25.0,47.0,Modulo,Modulo Energies,6.34929,48.1988
FROZEPACE0057815,22.0,44.0,OZECAR,OZECAR,9.1643783,41.3897004
FRS37PVDD9EL4Y,17.0,17.0,Modulo,Modulo Energies,1.034747,47.082549
FRS41P8FT4MAL9,17.0,34.0,Modulo,Modulo Energies,1.457725,47.562823
FRS41PZVTXWB15,17.0,34.0,Modulo,Modulo Energies,1.397453,47.25505
FRS41PHYKHXH6V,17.0,34.0,Modulo,Modulo Energies,1.336053,47.610357
FRS37PU9ARHG0Q,17.0,34.0,Modulo,Modulo Energies,0.608736,47.410482
FROZEP24577632,22.0,22.0,OZECAR,OZECAR,9.352956,42.388739
FRS41PFI001LS3KK0FK5,22.0,44.0,Modulo,Modulo Energies,1.171846,47.501399
FRS77P77066001,22.8,45.6,Bouygues E&S,Ecocharge77,3.343567,48.69384
FRS55PH6VO7VLG,17.0,34.0,Modulo,Modulo Energies,5.379939,49.175325
FRS37P1RSXIXQQ,17.0,34.0,Modulo,Modulo Energies,0.196334,47.392532
FRS08P8UOE2HJN,24.0,46.0,Modulo,Modulo Energies,4.340441,49.769178
FRS77P77469001,22.8,45.6,Bouygues E&S,Ecocharge77,3.011744,48.735561
FRS37PPMYBOQER,17.0,34.0,Modulo,Modulo Energies,0.669537,47.409894
FRS51P0CZ8UMAL,17.0,34.0,Modulo,Modulo Energies,4.345127,48.975352
FRS37POGCYQV7Y,17.0,34.0,Modulo,Modulo Energies,0.946264,47.209555
FRS28PQMDLKSBZ,17.0,17.0,Modulo,Modulo Energies,1.252364,48.44903
FRS28P7BKTHHSA,17.0,17.0,Modulo,Modulo Energies,1.68742,48.52747
FRZUNP2771348324096144223,300.0,2488.0,Zunder,Zunder,-0.05648813,48.72308367
FROZEP26429969,22.0,22.0,OZECAR,OZECAR,9.3184401,41.5538223
FRS77P77459001,22.8,45.6,Bouygues E&S,Ecocharge77,3.35406,48.537212
FROZEP26670296,7.4,14.8,OZECAR,OZECAR,9.1573323,41.3871824
FRN54PW6MS51EB,22.0,44.0,Modulo,Modulo Energies,6.16663,48.67171
FRLIBP63570132,50.0,72.0,Eoliberty,Eoliberty,3.318389,45.4132
FRS77E77288002,22.0,44.0,Bouygues E&S,Ecocharge77,2.6534923,48.5263359
FRS77P77140001,22.8,45.6,Bouygues E&S,Ecocharge77,2.998514,48.469975
FRS77P77431002,24.0,46.8,Bouygues E&S,Ecocharge77,2.68569018,48.265784
FRS77P77439001,22.8,45.6,Bouygues E&S,Ecocharge77,3.023394,48.421993
FRS41PVC0P3KWI,17.0,34.0,Modulo,Modulo Energies,1.362749,47.744154
FRS77P77288004,22.8,45.6,Bouygues E&S,Ecocharge77,2.66706903103353,48.5500502824576
FRS08PRVLTLCG9,24.0,46.0,Modulo,Modulo Energies,4.765891,49.851378
FRS77P77318001,22.8,45.6,Bouygues E&S,Ecocharge77,2.915816,48.789227
FRS08PLRF4RE2B,24.0,46.0,Modulo,Modulo Energies,4.578276,49.474329
FRS41PWJHVXSM7,22.0,44.0,Modulo,Modulo Energies,1.060181,47.794548
FRS28PF92DOKTO,22.0,22.0,Modulo,Modulo Energies,1.460643,48.673989
FRS28PYP1EMJRK,17.0,34.0,Modulo,Modulo Energies,1.328964,48.070716
FRS37PLQU2WXGI,17.0,34.0,Modulo,Modulo Energies,0.777079,47.363938
FRS28PQREQ5C6H,17.0,17.0,Modulo,Modulo Energies,1.752446,48.264249
FRS77P77284002,22.8,45.6,Bouygues E&S,Ecocharge77,2.91257,48.953554
FRFASP50824,300.0,2400.0,Fastned France,Fastned France,1.56825,44.658348
FRS41PEJUJJMJQ,17.0,34.0,Modulo,Modulo Energies,1.284024,47.634797
FROZEP25302488,22.0,22.0,OZECAR,OZECAR,9.287258,41.5884621
FRS41P4OK4QZER,17.0,34.0,Modulo,Modulo Energies,1.01733,47.68865
FRS51PZNV9NOIH,17.0,34.0,Modulo,Modulo Energies,4.041007,49.166166
FRS51PSOPEKAEV,17.0,34.0,Modulo,Modulo Energies,4.052451,49.225489
FRS77P77516001,22.8,45.6,Bouygues E&S,Ecocharge77,2.895756,48.342731
FRS88PK3W6B3F2,25.0,47.0,Modulo,Modulo Energies,7.015,48.1736
FRS37P221255,17.0,17.0,Modulo,Modulo Energies,0.91895,47.330502
FRS77P77099001,22.8,45.6,Bouygues E&S,Ecocharge77,2.70119,48.149586
FROZEP6S0A22232205,22.0,22.0,OZECAR,OZECAR,9.2006698,42.4769489
FRS51PTM1ANJNW,17.0,34.0,Modulo,Modulo Energies,4.365981,49.141384
FRS37POGRQPI2D,17.0,34.0,Modulo,Modulo Energies,0.626392,47.403952
